2026-09-18 15:07:21 INFO     Debug log:   D:\University\PersonalProject\SiviHack_Track2\backend\logs\20260918_150721_debug.log  (also: D:\University\PersonalProject\SiviHack_Track2\backend\logs\latest_debug.log)
2026-09-18 15:07:21 INFO     Summary log: D:\University\PersonalProject\SiviHack_Track2\backend\logs\20260918_150721_summary.log  (also: D:\University\PersonalProject\SiviHack_Track2\backend\logs\latest_summary.log)
2026-09-18 15:07:21 INFO     company: 21 previously matched tender(s) on disk, collecting up to 6 new one(s) this run.
2026-09-18 15:07:21 INFO     === Day 1: 2026-09-17 (still need: 6 more) ===
2026-09-18 15:07:21 INFO       Fetching 2026-09-17...
2026-09-18 15:07:23 INFO         1096 notice files.
2026-09-18 15:07:23 DEBUG      REJECT 5569e313-180f-4625-88db-f470a09d1b9e ('Fliesen- und Plattenarbeiten'): no value found
2026-09-18 15:07:23 DEBUG      REJECT b589bf9d-4234-430d-8523-25c369ee6906 ('Profilitverglasung'): no value found
2026-09-18 15:07:23 DEBUG      REJECT 55941491-ad72-4ced-baaa-63bbd4da585b ('Bundestadt Bonn: Konrad-Adenauer-Gymnasium, Erweiterungsbau: Freianlag'): no value found
2026-09-18 15:07:23 DEBUG      REJECT 34efbeee-8234-411f-9528-9499615c00a2 ('Offenes Verfahren (EU-weit) zur Vergabe einer Rahmenvereinbarung für d'): no value found
2026-09-18 15:07:23 DEBUG      REJECT 878cd5d3-37d5-460d-baeb-85eb1ae3a766 ('Sanierung Kita Tabaluga - Fuchs & Elster, Los 17 Bodenbelagsarbeiten'): no value found
2026-09-18 15:07:23 DEBUG      REJECT 981d727d-5646-405a-8800-bfebd49b0780 ('ENTEGA AG: Nächtlicher Sicherheitsdienst'): no value found
2026-09-18 15:07:23 DEBUG      REJECT b818d5aa-f84c-4a4f-94b1-78f2687541ec ('Entsorgung/ Verwertung von entwässertem Klärschlamm der Kläranlage San'): no value found
2026-09-18 15:07:23 DEBUG      REJECT dc91817f-3c23-4c51-81ed-87c087e025aa ('Rahmenvertrag Beschaffung Dienst- und Schutzkleidung'): no value found
2026-09-18 15:07:23 DEBUG      REJECT 0b12bcdc-1ae8-4310-bee1-5889119abc78 ('Interaktive Whiteboards und Tablets'): no value found
2026-09-18 15:07:23 DEBUG      REJECT e73b55e2-fb82-481d-ba6b-0adf291bc09a ('SÜ Geniusdeich (Los 1) und SÜ Arthur-Grunewald-Str. (Los 2), Str 1552'): no value found
2026-09-18 15:07:23 DEBUG      REJECT b40d17c2-2979-46ee-8efc-acd50574440a ('Schütze und Leitungsschutzschalter für die Baureihe 481'): no value found
2026-09-18 15:07:23 DEBUG      REJECT 09dea333-fcf3-44ad-b5ca-8ecd57b0cb65 ('Bauleistungen im Bereich Niederspannung und Kabeltrassen für den Neuba'): no value found
2026-09-18 15:07:23 DEBUG      REJECT 32ae3aaf-6060-4f0b-8281-f2dfaa7152b0 ('Los 22 b Elektroinstallationen KG 450/ Regent Hettstedt'): excluded by role-hint keyword 'Elektroinstallation'
2026-09-18 15:07:23 DEBUG      REJECT 4b4c0d29-4937-4187-8229-cd08194aaad9 ('Errichtung und Betrieb eines NGA-Netzes in der Gemeinde Engelthal'): only 0/3 core criteria matched (need 2) -- missed: cpv, nuts, value
2026-09-18 15:07:23 DEBUG      REJECT 9939448d-3946-46e0-a265-aa89c7a55962 ('Empfangsgebäude Hauptbahnhof Stuttgart; Bonatzbau; Planung; HLSKE, LPH'): no value found
2026-09-18 15:07:23 DEBUG      REJECT 6690b0b4-608c-473d-993e-ea5bd4308a4d ('Bundesstadt Bonn: Stadtarchiv - Kellertrockenlegung am Altbau'): no value found
2026-09-18 15:07:23 DEBUG      REJECT 81de5fc2-c744-4d93-b571-23b0c98fab7c ('SÜ Geniusdeich (Los 1) und SÜ Arthur-Grunewald-Str. (Los 2), Str 1552'): no value found
2026-09-18 15:07:23 DEBUG      REJECT a3a33225-7f89-4bc8-85dc-3e41acd56f6d ('Wettbewerbliche Vergabe eines öffentlichen Dienstleistungsauftrages im'): no value found
2026-09-18 15:07:23 DEBUG      REJECT adb4a106-5e5e-4c11-a662-cd02b936cc2b ('26D609003_Deutsche Nationalbibliothek Leipzig'): no value found
2026-09-18 15:07:23 DEBUG      REJECT 2aed61d3-fc34-4737-89c5-f356f30763b4 ('Beschaffung, Wartung und Reparatur von Wasserstoffhybrid- und batterie'): no value found
2026-09-18 15:07:23 DEBUG      REJECT 8a9598d7-9308-46c4-854e-d5c0c19594c0 ('SPGK_NBS Wendlingen-Ulm; PFA 2.1; Großer Wendlinger Kurve, KIB Oberboi'): no value found
2026-09-18 15:07:23 DEBUG      REJECT 3a7816f2-ddbf-4e57-a209-0dbc3e1343d7 ('Los 24 Trockenbau/ Regent Hettstedt '): no value found
2026-09-18 15:07:23 DEBUG      REJECT bf7b6e04-b0a5-42d8-aa5d-72d64c77b3c3 ('Rems-Murr-Kliniken gGmbH - Europaweite Vergabe des Baugewerks "Sanitär'): excluded by role-hint keyword 'Elektroinstallation'
2026-09-18 15:07:23 DEBUG      REJECT 49497c3a-54d3-469f-9737-cd96e70bb8dd ('Deutsches Zentrum für Luft- und Raumfahrt e.V. - Anbau Synlight - Gene'): no value found
2026-09-18 15:07:23 DEBUG      REJECT cc75b519-a2ac-4b31-9f89-f6674045a5a6 ('Rems-Murr-Kliniken gGmbH - Europaweite Vergabe des Baugewerks "Elektro'): excluded by role-hint keyword 'Elektroinstallation'
2026-09-18 15:07:23 DEBUG      REJECT bdf0272e-99bb-4a90-a2b8-fe090dc449b0 ('Korridorsanierung Bremen-Bremerhaven Nachtragsprüfung'): no value found
2026-09-18 15:07:23 DEBUG      REJECT ade92382-24f2-4d51-9338-6af20c00d07a ('Rahmenvereinbarung Informations- und Werbekampagnen'): only 0/3 core criteria matched (need 2) -- missed: cpv, nuts, value
2026-09-18 15:07:23 DEBUG      REJECT e93686e0-39c0-4cb0-aa16-2abc9c518e58 ('Betriebsärztliche Betreuung der Mitarbeiter*innen der Stadt Essen'): only 1/3 core criteria matched (need 2) -- missed: cpv, nuts
2026-09-18 15:07:23 DEBUG      REJECT babc7567-c9aa-40bd-9fd9-ba14e6337507 ('26E Tischlerarbeiten'): no value found
2026-09-18 15:07:23 DEBUG      REJECT 0a4d424b-ba96-483e-a424-13f0dcd8adb7 ('Funkinfrastruktur Strecke 6100 von Hamburg-Rothenburg bis Berlin-Spand'): no value found
2026-09-18 15:07:23 DEBUG      REJECT ba59b6c3-5dd7-426c-9819-358859cd0350 ('Einkauf von Geräten zur Anästhesie und Narkose'): no value found
2026-09-18 15:07:23 DEBUG      REJECT eed9f516-d239-4563-9ec8-f6c6837198e6 ('Auftragsänderung 3:  Waltrop, Baugebietsentwicklung Im Dicken Dören: E'): no value found
2026-09-18 15:07:23 DEBUG      REJECT 825e3f32-4dd0-43fa-af72-92d940cd5947 ('033 Stahl- und Stahlglastüren'): no value found
2026-09-18 15:07:23 DEBUG      REJECT f692af8e-33a9-44fb-a102-04b86a1e24b2 ('HF-Funkgeräte HRM 7400 E'): no value found
2026-09-18 15:07:23 DEBUG      REJECT f02340fd-30f7-4e46-9ba8-2d95bd1d1c49 ('Revierarbeiten im Forstbezirk Taura (mit Verlängerungsoption)'): no value found
2026-09-18 15:07:23 DEBUG      REJECT f7a88f4c-9fa9-4f00-9e8c-5565c487f9df ('Fehmarnsundbrücke, Erneuerung Seilklemmen, Seilkraftmessung und Asbest'): no value found
2026-09-18 15:07:23 DEBUG      REJECT 6d22e84f-ba15-4335-beff-50bb0fcd7db3 ('Management- & Rahmenbelieferungsvertrag'): no value found
2026-09-18 15:07:23 DEBUG      REJECT 7b4db74e-0917-4cd7-84b3-2a0f2bb1fca9 ('Neubau Faulungsanlage KA Müllekoven - Los 03 Tragwerksplanung'): no value found
2026-09-18 15:07:23 DEBUG      REJECT d4bed43f-78e9-4f5e-ac98-94a38fc145aa ('Rahmenvertrag über die Lieferung von Verbrauchsmaterial und Zubehör so'): no value found
2026-09-18 15:07:23 DEBUG      REJECT e1c4b731-373b-4aa1-83a9-8164bd75662d ('6003019627-BAAINBw E2.2H-Propeller'): no value found
2026-09-18 15:07:23 DEBUG      REJECT ff29dccf-4150-492d-a453-7014d1e3855b ('KiTa Edithweg - Innenputzarbeiten'): no value found
2026-09-18 15:07:23 DEBUG      REJECT d4f091bd-989a-4d3b-a0c9-6944bc87b5b1 ('TEISTU_HLS_offenes_verf'): only 1/3 core criteria matched (need 2) -- missed: cpv, nuts
2026-09-18 15:07:23 DEBUG      REJECT dd2fff04-6687-4e2d-996c-833422e4ff6d ('Fachplanung Freianlagen/Verkehrsanlagen - Familienzentrum Begegnungsst'): no value found
2026-09-18 15:07:23 DEBUG      REJECT 53644c37-03ca-4768-9097-9d5bde3cfd33 ('Erneuerung und Optimierung vorhandener VMware Umgebung'): no value found
2026-09-18 15:07:23 DEBUG      REJECT 9dfc0ff5-3f47-475e-8446-0b5ac729b42d ('Außenanlagen'): no value found
2026-09-18 15:07:23 DEBUG      REJECT 4400516d-4d5a-4319-8592-35bc13899142 ('Unterhaltungsbaggerung Elbe 2027 / 2029'): no value found
2026-09-18 15:07:23 DEBUG      REJECT c614a2d5-b579-49c9-a5d0-74dfdf3950bb ('Projektleitung Zusammenführung ITCS-Systeme'): only 1/3 core criteria matched (need 2) -- missed: cpv, nuts
2026-09-18 15:07:23 DEBUG      REJECT d3890a0c-c76c-43d5-b9b5-7686964640ee ('Isothermales Titrationskalorimeter (ITC)'): no value found
2026-09-18 15:07:23 DEBUG      REJECT 455f4f8e-3ce4-4933-ac87-da384e92b0c5 ('Regenbogen GS Lützel_TGA-Planung'): no value found
2026-09-18 15:07:23 DEBUG      REJECT a0170eae-a21f-4653-bcce-31d016939a00 ('Planungsleistungen Verkehrsanlagen'): no value found
2026-09-18 15:07:23 DEBUG      REJECT bdc880ae-2b92-4369-9eab-10f2d61288ed ('TPH IV Medientechnik'): no value found
2026-09-18 15:07:23 DEBUG      REJECT e32d2f15-1fdf-4ddd-b00c-7ecb25e3b8dc ('Rahmenvertrag "Gutachter- und Sachverständigenleistungen zur Rohrstati'): no value found
2026-09-18 15:07:23 DEBUG      REJECT 9226ec78-9d6e-4c0d-a5d2-40b84c892ec9 ('Ersatzneubau Lindenberghalle - Prallwände'): no value found
2026-09-18 15:07:23 DEBUG      REJECT 51522bdd-02d4-49cf-b313-03dfaca5fae5 ('Cisco Netzwerkkomponente'): only 0/3 core criteria matched (need 2) -- missed: cpv, nuts, value
2026-09-18 15:07:23 DEBUG      REJECT 3f24cad5-11ee-4e6b-9342-e47020895390 ('Lieferung eines neuen Feuerwehrfahrzeuges GW-L 1 für die Freiwillige F'): no value found
2026-09-18 15:07:23 DEBUG      REJECT c09e0dd3-7404-4c13-b086-c04e50294524 ('Abwasseranlage Oberthal Güdesweiler (104) - Sanierung der Kläranlage G'): no value found
2026-09-18 15:07:23 DEBUG      REJECT aa4af011-4022-45dd-b684-8843cc3e010e ('Generalsan. Rathaus Forchheim - G32 Tischlerarbeiten 2 DIN 18355 - Bau'): no value found
2026-09-18 15:07:23 DEBUG      REJECT dbaf1532-df0a-4466-b79c-15991b8564be ('KKE 5510 Außenanlagen Baustufe 2'): no value found
2026-09-18 15:07:23 DEBUG      REJECT bb2d8bda-6080-4657-ad2e-6ceb2de56a3e ('Förderung von Maßnahmen zur Verbesserung städtischen Grüns - Zukunft S'): only 1/3 core criteria matched (need 2) -- missed: cpv, nuts
2026-09-18 15:07:23 DEBUG      REJECT 1d5e5189-95fe-45e9-a467-ac620dd4b5b2 ('Baugrunderkundung NBS F-MA und BAB67 PFA4S'): no value found
2026-09-18 15:07:23 DEBUG      REJECT a21c58f3-2f04-43e0-9b84-00b4395ed756 ('Messumgebung für Immissionsmessungen - X/U2CE/VA021/TA212'): no value found
2026-09-18 15:07:23 DEBUG      REJECT 9474e1d8-0bc7-40d1-a1ce-5dd506567d1a ('SEB Anbau Bettenhaus II - Altersmedizin / Aufstockung - Raumlufttechni'): no value found
2026-09-18 15:07:23 DEBUG      REJECT f416b193-f169-4aef-a467-0f9f3a296a48 ('Bau Kreativforum, Cleantech Innovation Park, Hallstadt'): no value found
2026-09-18 15:07:23 DEBUG      REJECT 997f2c3a-ef30-4354-ad4a-38930db07380 ('Rohbau- und Erdbauarbeiten'): no value found
2026-09-18 15:07:23 DEBUG      REJECT fb3c77b8-a4bf-4b2a-a158-f6b915a32e19 ('Heu-FWGH: Rüttelboden'): no value found
2026-09-18 15:07:23 DEBUG      REJECT cfa91331-4eeb-4d59-b3b1-3d82c18c9d61 ('Bereitstellung von einem Winterdienstfahrzeug und Durchführung des Win'): no value found
2026-09-18 15:07:23 DEBUG      REJECT 467cd4a5-0e1f-46e3-bc7d-97750d9831fc ('Ern. EÜ Lamersberg (km 32,782) und EÜ Beeckfließ (km 32,858), Str. 255'): no value found
2026-09-18 15:07:23 DEBUG      REJECT 22cd9581-7052-4893-a245-ee04aced2fd2 ('Los 5 Gas Baden Airpark'): no value found
2026-09-18 15:07:23 DEBUG      REJECT 1c2e4beb-55e0-46b3-990b-db0c5bc5c2b5 ('SEB Anbau Bettenhaus II - Altersmedizin / Aufstockung - Elektroarbeite'): excluded by role-hint keyword 'Elektroarbeiten'
2026-09-18 15:07:23 DEBUG      REJECT 6461301f-a185-4bec-af6e-dc4036ec43af ('Neue Zeche Westerholt – Baustraße, Rückbau Fundamente Bandbrücke, Leit'): no value found
2026-09-18 15:07:23 DEBUG      REJECT 9c4bf09b-de7a-4b6d-a37a-18c25d2bb305 ('Neubau eines Fachraumtraktes für die BBS Papenburg: Estricharbeiten'): no value found
2026-09-18 15:07:23 DEBUG      REJECT b554dd63-ea32-479c-8619-3cc6d204d371 ('Ehemalige Gärtnerei Bertlicher Straße in Gelsenkirchen, Bau einer Rege'): no value found
2026-09-18 15:07:23 DEBUG      REJECT 77c4f290-f9a4-48af-9e19-605210430fac ('Beschaffung zweier baugleicher Gerätewagen Logistik 1 (GW-L1) für die '): no value found
2026-09-18 15:07:23 DEBUG      REJECT 33d5eafa-722a-4c6f-9d47-f1a622a248a0 ('Lieferung von Ökostrom für das Jahr 2027/28'): no value found
2026-09-18 15:07:23 DEBUG      REJECT 8b749c6c-4c48-4309-a810-d992de876080 ('Bahnmark Karsdorf ( Oberbau, KTB, Bautechnik, 50Hz)'): no value found
2026-09-18 15:07:23 DEBUG      REJECT bc231a70-38cf-4de6-9c25-310e139d5c1e ('Vermeidungs-, Minderungs-, Schutz- sowie vorgezogene Ausgleichsmaßnahm'): excluded by keyword 'Umspannwerk'
2026-09-18 15:07:23 DEBUG      REJECT df6272e6-ac72-442e-bc8b-c384bbf035f7 ('Beschaffung von 2 Gelenkbussen und 3 Hochbodenbussen (Los 1) und 3 Low'): no value found
2026-09-18 15:07:23 DEBUG      REJECT d7c4721f-4cbb-4ecb-9070-c4c6f5d43b57 ('Wiederherstellung des Kurparks Bad Neuenahr-Ahrweiler: Baustelleneinri'): excluded by role-hint keyword 'Elektroinstallation'
2026-09-18 15:07:23 DEBUG      REJECT effa3a0c-4e2e-4522-8ec7-379e1912c468 ('Neubau Werkstattgebäude Theodor-Litt-Schule Gießen, Ringallee 62, 3539'): excluded by role-hint keyword 'Elektroinstallation'
2026-09-18 15:07:23 DEBUG      REJECT 7947b611-3be9-4024-b3a8-865b7f2a7e52 ('Wiederherstellung des Kurparks Bad Neuenahr-Ahrweiler: Landschaftsbaua'): excluded by role-hint keyword 'Elektroinstallation'
2026-09-18 15:07:23 DEBUG      REJECT e903615f-9a04-4246-83c8-9f9f746290b6 ('Löschfahrzeug LF 10 (DIN 14530-5, Löschfahrzeuge Teil 5: Löschgruppenf'): no value found
2026-09-18 15:07:23 DEBUG      REJECT e8ea02a6-677d-4fe0-b25e-08e5b4979216 ('EU-weite Ausschreibung von Rohbauarbeiten für den Rhein-Lahn-Kreises'): no value found
2026-09-18 15:07:23 DEBUG      REJECT 5233c214-6c26-444d-bc13-2af029fdc934 ('Lieferung von einem Sperrgut-Pressfahrzeug'): only 1/3 core criteria matched (need 2) -- missed: cpv, nuts
2026-09-18 15:07:23 DEBUG      REJECT 533df1b8-e724-45d9-b59c-a4f957db1e29 ('Bundesstadt Bonn: Ernst-Moritz-Arndt-Gymnasium - Ersatzneubau Fassaden'): no value found
2026-09-18 15:07:23 DEBUG      REJECT baf0623b-fd07-4e77-bee2-fcad0c02ac6f ('EU-weite Ausschreibung von Entsorgungsdienstleistungen für die Stadt S'): no value found
2026-09-18 15:07:23 DEBUG      REJECT c5f28f33-30de-4880-98d8-24cd782e912b ('Rahmenvertrag Beschaffung moderne Messeinrichtungen 2027/2028 - Lose 1'): no value found
2026-09-18 15:07:23 DEBUG      REJECT 62f92c09-e66b-4f20-bd40-f6dcd55f9b25 ('Unterhalts- und Grundreinigung bei der Hochschule Esslingen am Standor'): only 0/3 core criteria matched (need 2) -- missed: cpv, nuts, value
2026-09-18 15:07:23 DEBUG      REJECT e38fdb68-d5fd-4ef2-b943-055941afb73b ('GAZ - Umbau Autohaus zum Feuerwehrtechnischen Zentrum und Neubau Leits'): no value found
2026-09-18 15:07:23 DEBUG      REJECT f6a71454-2a80-45d3-8678-f296af56c6d8 ('MPLS-TP'): no value found
2026-09-18 15:07:23 DEBUG      REJECT 1fec70bc-326f-4053-a1f7-c04ecdb4aa55 ('Küchentechnik'): no value found
2026-09-18 15:07:23 DEBUG      REJECT 3d06ba25-8a8d-4fe2-9c49-d8bed1a96503 ('Beschaffung eines Abrollbehälter Starkregen nach DIN 14505 - AB - 6900'): no value found
2026-09-18 15:07:23 DEBUG      REJECT a9ce8ba3-d428-41ed-aa09-7d230a1edd2b ('Neubau Bildungscampus Eslohe - Tragwerksplanung'): no value found
2026-09-18 15:07:23 DEBUG      REJECT 50b37e5d-495c-4ecc-bb44-2742f5c0392e ('TMS- Straßenbahnverlängerung Minervastraße VP50 Verkehrswegebau'): no value found
2026-09-18 15:07:23 DEBUG      REJECT ea0efedd-e8f4-4433-963c-231bcc87540a ('Gebäudereinigung + Winterdienst - Kindergarten Anne Frank, Martin-Niem'): no value found
2026-09-18 15:07:23 DEBUG      REJECT 710f9d7d-98de-47a4-a402-5eb3c4d2d8a1 ('Bf München-Pasing, Neuer Zugang Nord, BIM-TGA-Planung (HKLS, 50Hz, ITK'): no value found
2026-09-18 15:07:23 DEBUG      REJECT 32184b53-2e04-41d4-ae53-a7b65d9920f5 ('Inkubatoren'): only 1/3 core criteria matched (need 2) -- missed: cpv, nuts
2026-09-18 15:07:23 DEBUG      REJECT 770a5d90-4562-44eb-a730-7bf1e3692779 ('Briefbeförderung Tagespost'): no value found
2026-09-18 15:07:23 DEBUG      REJECT aea8c196-fddf-4de3-be8f-e8a12b895c31 ('Los 406: Kälteanlagen, Splitkälte - Neubau Ärztehaus 2.0 Hansenstraße '): no value found
2026-09-18 15:07:23 DEBUG      REJECT 9a32b0f9-5d10-4b77-a622-a42d5fe2c90c ('A7, VKE A031, Sicherheits- und Gesundheitsschutzkoordination während d'): no value found
2026-09-18 15:07:23 DEBUG      REJECT 9c7780ac-60a0-4ea6-a9db-a36c5ecb7c89 ('S-Bahnhof Hackescher Markt, Gesamplanerleistung'): no value found
2026-09-18 15:07:23 DEBUG      REJECT 768c277a-8819-4bc6-a29d-2e2208867e99 ('A3 Mäh- und Mulcharbeiten 2026 - 2029 '): no value found
2026-09-18 15:07:23 DEBUG      REJECT de8dc2dd-d2df-488a-add8-0d0bde7aa4a4 ('Heizung/Kälte'): no value found
2026-09-18 15:07:23 DEBUG      REJECT b2c88d5c-e538-4207-9d34-c23a69817a1c ('Dachdeckungsarbeiten'): no value found
2026-09-18 15:07:23 DEBUG      REJECT c5e2dbd6-2e0d-483b-be28-36d42eb3a2d0 ('Trockenbau'): no value found
2026-09-18 15:07:23 DEBUG      REJECT aeccaeda-3877-4fde-b8f3-00d0be3af035 ('Arzneimittelverträge mit Beitrittsoption'): no value found
2026-09-18 15:07:23 DEBUG      REJECT 6e561a63-c648-4c22-b796-307753abf2b5 ('Rahmenvertrag über die Lieferung von Bekleidungsgegenständen der Feuer'): no value found
2026-09-18 15:07:23 DEBUG      REJECT 41433073-a582-438c-a4fa-e4d91e5b6b37 ('Spezialtiefbauarbeiten'): no value found
2026-09-18 15:07:23 DEBUG      REJECT 55810981-ec4f-4b9f-89e4-bf744a332882 ('Berliner Brücke (Teichstr.) - Gleiserneuerung, Brückensanierung und In'): no value found
2026-09-18 15:07:23 DEBUG      REJECT 6cc4683a-cd69-472b-9dee-40a97260e956 ('Heu-FWGH: Innenputz-/Malerarbeiten'): no value found
2026-09-18 15:07:23 DEBUG      REJECT 89688a20-5613-4e12-8929-772edee1d4c4 ('REZ SW 45Startklar AA Göppingen'): no value found
2026-09-18 15:07:23 DEBUG      REJECT 6811421f-8f82-4647-bcd2-a52dc00635b3 ('Fachplanung Technische Ausrüstung ELT, LP 3-9, Ausbildungszentrum Gesu'): no value found
2026-09-18 15:07:23 DEBUG      REJECT 556c6597-804e-4727-81c0-6504be67d971 ('Chemikalienschutzanzug 1b ET'): no value found
2026-09-18 15:07:23 DEBUG      REJECT 5022aadc-7354-49e9-a9e9-02e1873a4f3a ('Generalsanierung und Erweiterung Paul-Moor-Schule Landau, Leistungen F'): no value found
2026-09-18 15:07:23 DEBUG      REJECT 5c72ca5b-c03f-495f-8522-4da54270229b ('Lieferung 5.280 m N2XS(FL)2 Y 1x630/35 mm² 6/10 kV'): no value found
2026-09-18 15:07:23 DEBUG      REJECT 127f4a94-e55a-4fe7-9b08-bf0999d0e1b4 ('Zentraler IT Einkauf NRW: Rahmenvertrag über IT Komponenten'): no value found
2026-09-18 15:07:23 DEBUG      REJECT bbb079df-e573-4638-bc55-18daa9b9aa04 ('Rahmenvereinbarung Proxmox'): no value found
2026-09-18 15:07:23 DEBUG      REJECT 0be74c32-3ffc-48c6-94f2-f1ab4e167daa ('Ergänzungsbeschaffung WzA 4940-74469 / MechGrundB 5180-87209'): no value found
2026-09-18 15:07:23 DEBUG      REJECT 18dc6ea3-81dc-4721-af6e-7edfb736c2d6 ('SEB Anbau Bettenhaus II - Altersmedizin / Aufstockung - Trockenbauarbe'): no value found
2026-09-18 15:07:23 DEBUG      REJECT 1c863a53-d391-4701-8ca9-60faad0738e3 ('Bau Kreativforum, Cleantech Innovation Park, Hallstadt'): no value found
2026-09-18 15:07:23 DEBUG      REJECT 15ed5508-3ca7-41ae-ae4f-fbf9d413b124 ('00 PH 2023-01/D.03 Gebäudeautomation'): no value found
2026-09-18 15:07:23 DEBUG      REJECT 1d3d0c2f-2b3b-4ade-b842-7f12a01b3e2f ('Lieferleistung - Rahmenvereinbarung zur Beschaffung von Schutzbekleidu'): no value found
2026-09-18 15:07:23 DEBUG      REJECT ad4af936-22e8-4c93-a5b2-017de7301181 ('Stadt Gedern - Beschaffung von Objektplanungsleistungen für Freianlage'): no value found
2026-09-18 15:07:23 DEBUG      REJECT 22312e59-e02d-4774-9e7c-dc2bfdb0dc96 ('Grundschule Stein'): no value found
2026-09-18 15:07:23 DEBUG      REJECT 7c587aaf-e7b0-4e91-900e-a45b3d880d40 ('Ersatzneubau Johann-Heinrich-von-Thünen Schule'): no value found
2026-09-18 15:07:23 DEBUG      REJECT 181ff0d2-3a43-4aa3-8bf5-960741b12920 ('Temporäre Schutzwand und Gleisabdeckung, München Hbf, Gleis 26, Los 1 '): no value found
2026-09-18 15:07:23 DEBUG      REJECT d8698c64-8d1a-4e26-9827-1f71573b2fd2 ('Forstinventur, Forsteinrichtung Körperschaftswald und Waldbiotopkartie'): no value found
2026-09-18 15:07:23 DEBUG      REJECT e3aa52f4-5f74-4b76-8e25-64e2b48f7cbe ('Trockenbauarbeiten_Sanierung Multifunktionaler Gemeinbedarfsstandort T'): no value found
2026-09-18 15:07:23 DEBUG      REJECT 615245bc-b967-4cc4-a7e0-fe4a9e6d6b81 ('Erneuerung Firewall- und Management-Infrastruktur (Palo Alto)'): no value found
2026-09-18 15:07:23 DEBUG      REJECT cc318343-796a-44b3-9767-3d0d34def7de ('Heilbronner Schulen'): no value found
2026-09-18 15:07:23 DEBUG      REJECT f590ec4e-2b4b-4dcb-9099-c53dfc5775b8 ('Ertüchtigung der Schulaula am TGBBZ II Mügelsberg, hier: Planungsleist'): excluded by role-hint keyword 'Elektroinstallation'
2026-09-18 15:07:23 DEBUG      REJECT 53483cc8-7254-439a-b024-cd843b94e513 ('SEB Anbau Bettenhaus II - Altersmedizin / Aufstockung - Heizungstechni'): no value found
2026-09-18 15:07:23 DEBUG      REJECT 5e566cbf-cc6f-47d8-b7ad-da1b857ba0b5 ('Lieferung einer meteorologischen Drohne zur Wetterbeobachtung'): only 1/3 core criteria matched (need 2) -- missed: cpv, nuts
2026-09-18 15:07:23 DEBUG      REJECT 44521065-e2df-44a8-b107-64f4f09e2088 ('Universalwerkzeugmaschine mit Automation'): no value found
2026-09-18 15:07:23 DEBUG      REJECT 4e5dac01-2fbd-4f96-bfe3-a6b322549796 ('SEB Anbau Bettenhaus II - Altersmedizin / Aufstockung - Sanitärtechnik'): no value found
2026-09-18 15:07:23 DEBUG      REJECT d6763d17-8b05-4b4e-9267-b31f0f80dc2e ('Eicheschule, Ober-Ramstadt -Grundhafte energetische Sanierung und Umba'): only 1/3 core criteria matched (need 2) -- missed: cpv, value
2026-09-18 15:07:23 DEBUG      REJECT a09e6424-f18d-4d8c-be30-4912881272ac ('EU-weite Ausschreibung der Erfassung und Verwertung von Altpapier (PPK'): no value found
2026-09-18 15:07:23 DEBUG      REJECT 86ae3bd2-bda1-4a9d-9e16-91111943a17d ('SANIERUNG FUNKHAUS STUTTGART, BAUTEIL A Ebene 2 bis 5, 2. Bauabschnitt'): excluded by role-hint keyword 'Elektrotechnik'
2026-09-18 15:07:23 DEBUG      REJECT c98ba195-c9ab-418f-97e0-e957d5d31351 ('26-027 TGA Planung (HLS) – Sanierung des SWR-Funkhauses Stuttgart, Bau'): excluded by role-hint keyword 'Elektrotechnik'
2026-09-18 15:07:23 DEBUG      REJECT a688a980-e4ea-4d3b-bf1c-9ed5877d90e3 ('Übernahme, Transport, Sortierung und Verwertung von stoffgleichen Nich'): only 1/3 core criteria matched (need 2) -- missed: cpv, nuts
2026-09-18 15:07:23 DEBUG      REJECT d401b235-197f-4d4d-af15-cfe7a6d83568 ('SGF | Sport- und Gesundheitsbad Flötenteich, Tischlerarbeiten, Einbaum'): no value found
2026-09-18 15:07:23 DEBUG      REJECT 43963c88-3140-47a8-b58c-0ef263dac790 ('Gewerbezentrum Alanbrooke Paderborn mit dem Schwerpunkt Kreativwirtsch'): no value found
2026-09-18 15:07:23 DEBUG      REJECT e343bec9-2973-4430-aac1-c233a58c7b99 ('SEB Anbau Bettenhaus II - Altersmedizin / Aufstockung - Medizinische G'): no value found
2026-09-18 15:07:23 DEBUG      REJECT 99b260b5-dfaf-43d5-9482-89e4daab97a7 ('Umbau Betriebsrestaurant Peine - Ingenieurleistung LOS 1 - Objekt- und'): no value found
2026-09-18 15:07:23 DEBUG      REJECT eef3be6c-5506-4fb8-9eb0-d150980b7206 ('Sicherheitszentrale GASCADE'): no value found
2026-09-18 15:07:23 DEBUG      REJECT bd7425c4-9a0f-4228-9323-6c5031d83b96 ('Los 4 Strom Baden Airpark'): no value found
2026-09-18 15:07:23 DEBUG      REJECT 4694f161-c682-4ee3-9ca1-a6bc90b18583 ('SV-FLA-260915-002 - Tram-Westtangente, Fahrleitungsbau Bauabschnitt IV'): no value found
2026-09-18 15:07:23 DEBUG      REJECT 01a0424d-defb-4f6c-b314-53da7e58a5e5 ('Elbe, Hochwasserdeich Brottewitz bis Torgau Elbbrücke, Ersatzneubau de'): no value found
2026-09-18 15:07:23 DEBUG      REJECT b2bfb91b-fa28-4bd4-b409-74c7ebc20806 ('Ravensburger Verkehrs- und Versorgungsbetriebe - Vergabe der Wärmevers'): only 1/3 core criteria matched (need 2) -- missed: cpv, nuts
2026-09-18 15:07:23 DEBUG      REJECT e6a33c9b-b5fc-404a-aae2-8c4ab6496866 ('Monteurkombination'): no value found
2026-09-18 15:07:23 DEBUG      REJECT fb38bcb3-bf00-4db5-8b77-9dc18bd30da1 ('RV Digital Signature Monitore'): no value found
2026-09-18 15:07:23 DEBUG      REJECT b6f80720-a8a7-460e-b53a-a77d5e70c86a ('Projektsteuerung Projektcontrolling Neubau einer Grundschule mit Sport'): no value found
2026-09-18 15:07:23 DEBUG      REJECT a6d39527-4134-4de9-8d75-1d61f1ea575f ('Errichtung einer stationären Wasseraufbereitungsanlage mit Entgasung u'): no value found
2026-09-18 15:07:23 DEBUG      REJECT 3ff5e5a1-30e8-45dc-bd89-bfe4cce6b24d ('KAW Northeim - Neubau Betriebshof - Sanitärarbeiten'): no value found
2026-09-18 15:07:23 DEBUG      REJECT b7fc6eb2-6b57-4c26-8a68-ca6243825e97 ('BGEA Oberwinden'): only 0/3 core criteria matched (need 2) -- missed: cpv, nuts, value
2026-09-18 15:07:23 DEBUG      REJECT 1d86458c-a255-42ae-aa8a-69acf21ef85b ('Bauüberwachungsleistungen ABS Hannover-Berlin 1.BS, 740m Gleis, Ersatz'): no value found
2026-09-18 15:07:23 DEBUG      REJECT e90fde57-5aeb-4709-bf3d-c2c4eebebb38 ('Bauüberwachungsleistungen ABS Hannover-Berlin 1.BS, 740m Gleis, Ersatz'): no value found
2026-09-18 15:07:23 DEBUG      REJECT 451e1117-e9b6-40af-9a34-652e484c5b47 ('Gartenschau Bad Urach 2027: Zaunbauarbeiten BA 12'): no value found
2026-09-18 15:07:23 DEBUG      REJECT 5757f643-0362-4faa-95b1-70d8ae3f95ab ('Stadtverwaltung Koblenz_Bereitstellung Mitarbeiterberatung/Gesundheits'): no value found
2026-09-18 15:07:23 DEBUG      REJECT 5ffae5d5-3eb0-408a-99fa-28e807546363 ('Labordienstleistungen in der Abwasserbeseitigung'): only 1/3 core criteria matched (need 2) -- missed: cpv, nuts
2026-09-18 15:07:23 DEBUG      REJECT 9610a42d-81cd-46b6-a169-25c59635dbb4 ('Anschaffung eines Wasserinjektionsgerätes für den Hafen'): no value found
2026-09-18 15:07:23 DEBUG      REJECT f9840f1a-f7d1-49f3-9779-64badda0d317 ('Revitalisierung Vitos KJP Herborn - Tischlerarbeiten Festeinbauten'): no value found
2026-09-18 15:07:23 DEBUG      REJECT 7416b6ca-c3a9-47fe-b31d-1fea8d3e4a03 ('Rahmenvereinbarungen (RV) für die Lieferung von medizinischen Geräten '): no value found
2026-09-18 15:07:23 DEBUG      REJECT d117eb0f-2f6f-41ef-a3ef-448291566d0b ('Lieferung elektrischer Energie (Stromlieferung) TVS für den Zeitraum 0'): no value found
2026-09-18 15:07:23 DEBUG      REJECT 7931e06d-b360-4ac7-af80-63fb9c64c6f8 ('Lüftung'): no value found
2026-09-18 15:07:23 DEBUG      REJECT a6b9c059-4ea3-4319-8762-7d9935f8dcc8 ('Generalsanierung und Erweiterung Paul-Moor-Schule Landau, Leistungen F'): no value found
2026-09-18 15:07:23 DEBUG      REJECT f01d669e-6d57-4dd8-bc5a-9d5b9f77200a ('Beschaffung eines Tanklöschfahrzeugs TLF 4000 für die Feuerwehr Altens'): only 1/3 core criteria matched (need 2) -- missed: cpv, nuts
2026-09-18 15:07:23 DEBUG      REJECT f15f580d-9737-44ec-bc1c-118ab337830d ('SL 13-26O Winterdienst'): no value found
2026-09-18 15:07:23 DEBUG      REJECT 29d58a7b-5ff9-43db-b62f-8dabe660ef06 ('ST 26034 Kauf von sechs Krankenkraftwagen Typ-B (KTW), drei Notarztein'): no value found
2026-09-18 15:07:23 DEBUG      REJECT 4a35f05b-1586-49eb-8d14-d92067ae28e7 ('Gestellungsvertrag Winterdienst SM Atzendorf ab 2026_Vertrag_2'): no value found
2026-09-18 15:07:23 DEBUG      REJECT 4abb1f48-6ec1-4d74-bf1c-bfd8ebfbc36a ('Bauleistungen für Kabel:  Los 1 Str. 1552, Los 2 Bahnhof Sande;'): no value found
2026-09-18 15:07:23 DEBUG      REJECT 2104b241-3218-41e6-a231-e0f81f0326c5 ('Sanierung Stadthaus Grafenstraße - Hauptmaßnahme Schadstoffsanierung'): no value found
2026-09-18 15:07:23 DEBUG      REJECT 65d7034b-d29a-49e0-b59d-764fcf04322d ('Beschaffung von Bioreaktoren mit Arbeitsvolumen von 10  - 500 L im Rah'): no value found
2026-09-18 15:07:23 DEBUG      REJECT abec5d83-1993-4cf0-bb0b-a8736289b23f ('Bodenbelagsarbeiten (Neubau Technisches Rathaus)'): no value found
2026-09-18 15:07:23 DEBUG      REJECT 15a0f95c-c850-4989-a0d5-02229c5b12c4 ('Beitritt zum Konzernrahmenvertrag des Bundesministerium des Inneren un'): no value found
2026-09-18 15:07:23 DEBUG      REJECT 68ba1d5d-7506-436b-9c68-93e32e69b72e ('Lieferung und betriebsfertige Montage von mobilen und feststehenden Bi'): no value found
2026-09-18 15:07:23 DEBUG      REJECT 14eb323f-659a-4c81-979b-a9950fea08af ('Vergabe einer Dienstleistungskonzession für den öffentlich geförderten'): no value found
2026-09-18 15:07:23 DEBUG      REJECT d49a8055-db13-4dee-94d0-d5e6cf6d004a ('Beschaffung von vier Abrollkipper'): no value found
2026-09-18 15:07:23 DEBUG      REJECT 38ab330a-7aed-4927-9d32-b99f5c4f4ce1 ('26-027 Objektplanung – Sanierung des SWR-Funkhauses Stuttgart, Bauteil'): excluded by role-hint keyword 'Elektrotechnik'
2026-09-18 15:07:23 DEBUG      REJECT 0a7f72b8-5934-4ce0-ade8-c3304cfcbc8e ('TSK26009 Winterdienstleistungen im Rahmen der Anliegerverpflichtung so'): no value found
2026-09-18 15:07:23 DEBUG      REJECT 3ed58aa1-23cd-4f5b-9fef-f2221ea5d842 ('Ersatzneubauten für den Müllabfuhrbetrieb Raubling- Bodenbelagsarbeite'): no value found
2026-09-18 15:07:23 DEBUG      REJECT 3baf1be1-cf0d-45f1-8ebe-f6fc1474da8d ('Michaelschule - Innenputzarbeiten'): no value found
2026-09-18 15:07:23 DEBUG      REJECT a6eb1c3a-5770-4f48-a733-dfa8e329c62c ('EU-weite Ausschreibung der Übernahme und Verwertung  von Altholz A IV '): no value found
2026-09-18 15:07:23 DEBUG      REJECT f728971e-ecbf-46cb-9dab-11a170b83337 ('Kfz-Flottenversicherung ARD 2027'): no value found
2026-09-18 15:07:23 DEBUG      REJECT 3f28dc13-2222-4911-836c-b27b91650e53 ('Umbau und Erweiterung der Michaelschule - Freianlagenplanung Leistungs'): no value found
2026-09-18 15:07:23 DEBUG      REJECT 481d27ea-3511-4d40-8687-c3d075b74df5 ('Anbau an das bestehende Feuerwehrgebäude und Umbau sowie Freianlagen'): no value found
2026-09-18 15:07:23 DEBUG      REJECT a1113c8b-e7e5-4dfc-b1e8-cef9f99586c7 ('Miniwettbewerb aus Rahmenvertrag AS260012 Rolle 1 Machine Learning Eng'): only 1/3 core criteria matched (need 2) -- missed: cpv, nuts
2026-09-18 15:07:23 DEBUG      REJECT bf478784-1cd6-4508-949d-47133f8b7253 ('Revisionsdienstleistungen im Rahmen eines Co-Sourcing-Modells'): no value found
2026-09-18 15:07:23 DEBUG      REJECT 0783c08d-e79f-414b-b432-aab6ec8f9cfe ('Beschaffung einer Beratungsdienstleistung zur Fachberatung im Rahmen e'): no value found
2026-09-18 15:07:23 DEBUG      REJECT 21ff0564-a054-4e81-8a23-3f177b316471 ('Trockenbauarbeiten, Erweiterung Ganztag JFK+Saalburgschule'): no value found
2026-09-18 15:07:23 DEBUG      REJECT c8be33b9-ef2e-4559-b5ca-5c30bce465d7 ('Förderschule Homberg, Erweiterungsbau'): no value found
2026-09-18 15:07:23 DEBUG      REJECT 651481a0-a7e5-4d6d-90bc-54560582f1fa ('0101 - Gewerbliche Schule Backnang - Neubau Lernwerkstatt und Wasserst'): no value found
2026-09-18 15:07:23 DEBUG      REJECT 599e2fa2-390e-429b-9a6d-cd9a9fc39af3 ('Lieferung und Analyse von Schmierstoffen und -fetten'): no value found
2026-09-18 15:07:23 DEBUG      REJECT 7019779f-4c05-4256-871e-85988c9918fe ('Stahlbau Bauteil 01-S (Halle - Südteil)'): no value found
2026-09-18 15:07:23 DEBUG      REJECT 923e9aa6-636a-47e5-a3bf-15dd891f8ae2 ('HPC Hardware-Komponenten'): no value found
2026-09-18 15:07:23 DEBUG      REJECT b6a05e4c-c176-473e-aa0b-0f6a95cf2ea8 ('TEISTU_TWP offenes_verf'): only 1/3 core criteria matched (need 2) -- missed: cpv, nuts
2026-09-18 15:07:23 DEBUG      REJECT bbf29325-2a93-4503-ba10-3e690b6ed326 ('Projekt 1025 "CSP Update, Evaluierung, Rezertifizierung und API (CUERA'): no value found
2026-09-18 15:07:23 DEBUG      REJECT 6ab76e6f-0f70-4bfc-8adb-f99b32e52427 ('Außenanlagenplanung'): no value found
2026-09-18 15:07:23 DEBUG      REJECT 13ac8692-80ff-4f1e-994d-09d2999590d6 ('Rahmenvertrag mobile Straßenreinigung in Rheine'): no value found
2026-09-18 15:07:23 DEBUG      REJECT 69f556a3-5dd3-40b4-9372-bef40c33ff90 ('Zimmer- und Dachdeckungsarbeiten DIN 18334, 18338, 18351'): no value found
2026-09-18 15:07:23 DEBUG      REJECT 3cb593be-b65c-4bd4-a39c-918c1c4890b1 ('Instandhaltung, Instandsetzung und Serviceunterstützung für die konfer'): no value found
2026-09-18 15:07:23 DEBUG      REJECT e46c4078-c0aa-4bcb-8f2b-067a2286460a ('Ganztagsgrundschule und Turnhalle Wiedheck Saarbrücken - Objektplanung'): no value found
2026-09-18 15:07:23 DEBUG      REJECT 34f96101-5922-4608-b961-556e3a400eb5 ('2000284262 SL Leading Safe'): no value found
2026-09-18 15:07:23 DEBUG      REJECT ddc883ff-c69d-42e2-b185-df05281413e4 ('Aufzugsanlage - Neubau Verwaltungsgebäude Landratsamt Saarlouis'): no value found
2026-09-18 15:07:23 DEBUG      REJECT 99a731f2-2c2e-4852-bf97-3c1b321fe083 ('Verbesserung der Abflussbedingungen des Suenbachs in Ilsenburg, Hochwa'): no value found
2026-09-18 15:07:23 DEBUG      REJECT 158641e4-ef1b-4e92-8cde-842cc9cd25fd ('Rahmenvertrag Kampfmittelräumleistungen im Land Brandenburg'): no value found
2026-09-18 15:07:23 DEBUG      REJECT fc79b2e6-99c0-41f5-9422-9b0d71f8c75d ('LWL-Universitätsklinik Hamm, Objektplanung zur Sanierung der Turnhalle'): no value found
2026-09-18 15:07:23 DEBUG      REJECT 2c83b422-46de-4e9e-87be-fcc3c661ae36 ('Arzneimittelverträge mit Beitrittsoption für den Wirkstoff: Cyanocobal'): no value found
2026-09-18 15:07:23 DEBUG      REJECT c3352c60-9a9e-4942-9a64-77929cb1d746 ('Neugestaltung Bahnhofsvorplatz - Planung'): no value found
2026-09-18 15:07:23 DEBUG      REJECT 302b3c14-63dc-48cc-b78c-af22db1c9bd6 ('JBoss EAP 2027'): no value found
2026-09-18 15:07:23 DEBUG      REJECT 713b0385-d1d4-450c-a9e7-a4bded8399ef ('ex post - Fortentwicklung Daten- und Informationsplattform (DIP) 2027'): only 1/3 core criteria matched (need 2) -- missed: cpv, value
2026-09-18 15:07:23 DEBUG      REJECT 851fb48b-26b2-418a-9ee3-d007db80ace2 ('Ökologische Verbesserung des Westerbaches'): no value found
2026-09-18 15:07:23 DEBUG      REJECT 9a8a4b10-5a8c-4781-a97f-080dd578412a ('UHS - Generalsanierung Ludwig-Uhland Schule - Winterbaubeheizung 2026/'): no value found
2026-09-18 15:07:23 DEBUG      REJECT 5393522f-b42c-415c-9422-661657cae20e ('Rahmenvertrag Umzugslogistik'): no value found
2026-09-18 15:07:23 DEBUG      REJECT b0ec1355-42be-4c7c-b091-9f7ec5b0bf4a ('Grundschule Waldschule, Salzgitter-Bad - Trockenbau- und Tischlerarbei'): no value found
2026-09-18 15:07:23 DEBUG      REJECT a5d5a064-b152-4f5d-9f25-6ea8e1a5fae1 ('Hilfeleistungslöschgruppenfahrzeug HLF 20 als Vorführfahrzeug'): no value found
2026-09-18 15:07:23 DEBUG      REJECT c3cddf7e-90c6-47ee-ba1a-0378069eb5a6 ('Elektro'): excluded by role-hint keyword 'Elektroinstallation'
2026-09-18 15:07:23 DEBUG      REJECT 30e9354f-7774-4e66-ac23-6ebcade5e059 ('GAZ - Los 34 (Außenanlagen)'): no value found
2026-09-18 15:07:23 DEBUG      REJECT 2381bef5-eff8-40b5-8c5b-7bd9ddfb2fb1 ('Regeneration HF-Sende- und Empfangseinheiten'): no value found
2026-09-18 15:07:23 DEBUG      REJECT 3ecf0446-1774-45ef-a453-42c9c8a9539c ('Pommernstr. 10 - Neubau Schulzentrum Südwest / 2.BA - B6.2005 Werkraum'): no value found
2026-09-18 15:07:23 DEBUG      REJECT 5ad687c1-0f37-4b02-a971-a58054084c74 ('REZ BBSAT 45ind Coaching für Migranten JC Erfurt'): no value found
2026-09-18 15:07:23 DEBUG      REJECT 0bc5cc02-89cf-4631-b12e-825079dcc0d3 ('Stationsbetreuung an den Flugwetterwarten München und Nürnberg des Deu'): no value found
2026-09-18 15:07:23 DEBUG      REJECT 403309b0-f5ba-4ac0-b2bc-3c5c5ef48cf8 ('Implementierung Planungssoftware'): no value found
2026-09-18 15:07:23 DEBUG      REJECT 4ef72c9b-f53f-4ba8-b033-63115ee62325 ('Sanierung Baulich-Technische Infrastruktur: Metallbau Fassade I - Shed'): no value found
2026-09-18 15:07:23 DEBUG      REJECT 85706c90-97de-4753-8bf2-0aa2ff0b8169 ('26E40147; Öko-Stromausschreibung des Landes Niedersachsen; Lieferung v'): only 0/3 core criteria matched (need 2) -- missed: cpv, nuts, value
2026-09-18 15:07:23 DEBUG      REJECT 9c844c51-fff1-4539-a8c0-3d1f03383862 ('Eibenkamp 1 - Vorinformation Tragwerk und Gebäudehülle BIM'): only 0/3 core criteria matched (need 2) -- missed: cpv, nuts, value
2026-09-18 15:07:23 DEBUG      REJECT d4fdb6ee-aff1-4526-a551-01c59253aebf ('REZ BBSAT 45ind Migrationscenter Spandau JC Berlin Spandau'): no value found
2026-09-18 15:07:23 DEBUG      REJECT 173f7ac1-4f0c-4f1c-bdb3-777114a34cef ('Rahmenvereinbarung Neubau und Umprojektierung/Anpassung von  Zugnummer'): no value found
2026-09-18 15:07:23 DEBUG      REJECT 3fdac652-f2dd-4088-8671-2e5dc614ba2c ('BLB NRW K/ Universität Bonn/ Akademisches Kunstmuseum, Instandsetzung,'): no value found
2026-09-18 15:07:23 DEBUG      REJECT 7c5a198c-1831-4c59-974b-483acd042405 ('BIM-Fachplanung Empfangsgebäude Bahnhof Eckernförde, Lph 1-4 übertrage'): no value found
2026-09-18 15:07:23 DEBUG      REJECT f3aab65b-e523-4606-8152-375c84520dc4 ('Beschaffung eines Abrollbehälter Einsatzstellenhygiene nach DIN 14505 '): no value found
2026-09-18 15:07:23 DEBUG      REJECT d537a3b9-c533-4e37-9e6d-2bdda629b4c3 ('UHR Archäologisches Museum + Kaiserpfalz'): no value found
2026-09-18 15:07:23 DEBUG      REJECT 60ebd048-86c6-4c20-89fc-d0da8fd97755 ('Betriebsärztliche und sicherheitstechnische Betreuung für verschiedene'): no value found
2026-09-18 15:07:23 DEBUG      REJECT 59a91aeb-3d86-4fd6-b942-02ea80ed6228 ('Tischler - Einbaumöbel'): no value found
2026-09-18 15:07:23 DEBUG      REJECT ca5ce271-ec5f-4dcf-bd7a-97d064939712 ('Rahmenvertrag Prüfung Jahresabschlüsse 2026 bis 2029'): no value found
2026-09-18 15:07:23 DEBUG      REJECT ce84d6fc-5156-4f10-a243-87149c687f96 ('TPS Hilde und Franz'): no value found
2026-09-18 15:07:23 DEBUG      REJECT 241d18d0-174f-4491-91a2-aae109375280 ('Bauhauptgewerk'): no value found
2026-09-18 15:07:23 DEBUG      REJECT 5561aeac-86fd-4069-9818-7c6424e74249 ('Trockene assemblierte Lithium-Ionen-Batterien ohne flüssige Elektrolyt'): no value found
2026-09-18 15:07:23 DEBUG      REJECT b1f12e60-77fd-44e4-adef-524c57863a01 ('VE_4-010.1_Sanitär'): no value found
2026-09-18 15:07:23 DEBUG      REJECT f1d923c0-f3ea-4eb0-9d84-6ad35e1f5f0f ('Los 2: Verkehrsführung während der Bauzeit'): only 1/3 core criteria matched (need 2) -- missed: nuts, value
2026-09-18 15:07:23 DEBUG      REJECT 9658766a-79ca-43af-8060-36c34554e96b ('Beschaffung eines Kleintierultraschallgeräts "Vevo(R) F2xc Imaging Sys'): only 1/3 core criteria matched (need 2) -- missed: cpv, nuts
2026-09-18 15:07:23 DEBUG      REJECT 145d34e3-2926-472a-9ccb-6d81209dfa07 ('Machtbarkeitsuntersuchung und Prototyp-Draisinen für die ZfP - DB Infr'): no value found
2026-09-18 15:07:23 DEBUG      REJECT c5e10ce0-b551-416d-bf81-c19603b89a83 ('Auftragsänderung 1:  Verkehrliche Erschließung des Lok-Viertels; Planu'): no value found
2026-09-18 15:07:23 DEBUG      REJECT dd9b5203-165c-449a-96f2-938d0baf874f ('Modernisierungskonvoi 2026-2028'): no value found
2026-09-18 15:07:23 DEBUG      REJECT 572b3a76-21ca-4b11-b5ed-a8814279a8c2 ('Rahmenvereinbarung Softwareentw.- und Inbetriebnahmeleistungen für ISA'): no value found
2026-09-18 15:07:23 DEBUG      REJECT 27737435-2471-4c2b-a1f4-906828692a68 ('BIM Planungsleistungen Sachsenmagistrale, Restmaßnahmen, Teil Zwickau '): no value found
2026-09-18 15:07:23 DEBUG      REJECT e6ad1a52-1597-4982-b872-0124801a39ee ('WC-Trennwände u. Wandbekleidung 2. BA'): only 1/3 core criteria matched (need 2) -- missed: cpv, nuts
2026-09-18 15:07:23 DEBUG      REJECT bd5864d7-ed3d-4776-9f61-430f0e96e470 ('BIM-Planung Ersatzneubau EÜ Süderelbe'): no value found
2026-09-18 15:07:23 DEBUG      REJECT 95fdc9c1-43f5-417a-83b5-6f5512d8c889 ('Erbringung von Dienstleistungen für Empfangs- und Führungsdienste im H'): only 0/3 core criteria matched (need 2) -- missed: cpv, nuts, value
2026-09-18 15:07:23 DEBUG      REJECT fbf3b1ba-23c4-41fd-bcc1-a7a1036f9a8d ('Auftragsänderung 4:  Vergabebekanntmachung Neubau der Heinrich-Schmitz'): no value found
2026-09-18 15:07:23 DEBUG      REJECT bbadfa08-d5a3-44bf-960c-4b68209cf050 ('Profilglasfassade als durchgängiges Lichtband als Wandverglasung, vert'): no value found
2026-09-18 15:07:23 DEBUG      REJECT f076ebab-3781-4929-83fd-4559926ddc05 ('Unterhaltsreinigung in der Bayerischen Staatskanzlei'): only 0/3 core criteria matched (need 2) -- missed: cpv, nuts, value
2026-09-18 15:07:23 DEBUG      REJECT bc5241c3-53ea-45e8-a092-bd1452ac9c0d ('Schreinerarbeiten Systemtrennwand,Gesamtschule Busecker Tal'): no value found
2026-09-18 15:07:23 DEBUG      REJECT 6b7fda78-181e-47f6-af35-56403ccc1380 ('Rahmenvereinbarung Ultraschallgeräte '): only 1/3 core criteria matched (need 2) -- missed: cpv, nuts
2026-09-18 15:07:23 DEBUG      REJECT 07499b4b-e1b6-44b1-93bb-67d2ae9aaa54 ('Neubau der Friedensschule; Metallbau- / Schlosserarbeiten'): no value found
2026-09-18 15:07:23 DEBUG      REJECT 51b183ba-a488-45e3-82e8-019ba4818b59 ('RV Instandhaltung PHu + CAMO-Vertrag + Durchf. einer Line Maintenance'): no value found
2026-09-18 15:07:23 DEBUG      REJECT df17aaaf-fba9-47b7-8a87-b73000ec80c9 ('ERCP-Röntgensystem für das SBK'): no value found
2026-09-18 15:07:23 DEBUG      REJECT 1c680c45-0551-491c-8eac-d9f73aca97dd ('Rahmenvertrag Wartung Medizingeräte'): no value found
2026-09-18 15:07:23 DEBUG      REJECT e31e6439-9aae-407c-a538-0e1e849046aa ('Neubau Feuerwehrgerätehaus Lindenholzhausen -Erdungs- und Blitzschutza'): no value found
2026-09-18 15:07:23 DEBUG      REJECT 1a1c7c6f-eec8-4301-a2c5-2875b1a67cee ('13TEI03971 S21,Pa 1.3 u. 1.4; Sachverständiger Wasserwirtschaft'): no value found
2026-09-18 15:07:23 DEBUG      REJECT e03c5765-c73e-43b0-a9b5-31e10ff7ec4f ('NGH-G-H06 Dachabdichtungsarbeiten einschl. Dachbegrünung'): no value found
2026-09-18 15:07:23 DEBUG      REJECT cde4f78d-eb89-49da-bcca-794e44ac7535 ('NGH-G-H11 Metallbauarbeiten -  VHF-Fassage + Lamellen'): no value found
2026-09-18 15:07:23 DEBUG      REJECT e3493149-d94d-46cf-ae9d-b4c7f138ca36 ('Deckensanierung A42, AK Bochum'): no value found
2026-09-18 15:07:23 DEBUG      REJECT 26b969b4-5ae5-48e5-aa76-c3ae9f9c49de ('Abschluss von Rahmenvereinbarungen über die Lieferung von einer schlüs'): no value found
2026-09-18 15:07:23 DEBUG      REJECT 45b9c5df-cdb1-4e36-b24f-17194855a2ab ('Rahmenvereinbarung über kompakte Stereomikroskope'): no value found
2026-09-18 15:07:23 DEBUG      REJECT ca93a790-5f23-46fe-b4ff-63b412bc6fb3 ('GSH Troisdorf-Unkel, Los 400, Str. 2324, km 99,1, Ern. EÜ und Stützwän'): no value found
2026-09-18 15:07:23 DEBUG      REJECT 4b2b9299-498e-4e95-8ba4-6aca07fa7722 ('Ausbau der S11/S-Bahn, Stammstrecke Köln, VP2'): no value found
2026-09-18 15:07:23 DEBUG      REJECT febb22e0-2712-4533-9b82-1b57a2f051cb ('Schulbücher und schulbuchersetzende digitalen Medien im Rahmen der Ler'): no value found
2026-09-18 15:07:23 DEBUG      REJECT bfa496f6-7ecc-41dd-a922-ebb07a1b826b ('Wiederherstellung des Kurparks Bad Neuenahr-Ahrweiler: Metallbauarbeit'): excluded by role-hint keyword 'Elektroinstallation'
2026-09-18 15:07:23 DEBUG      REJECT 1182060b-0c8c-4faa-887e-e1737578a240 ('Sanierung Erweiterung Alte Wanne / Heizungstechnik'): no value found
2026-09-18 15:07:23 DEBUG      REJECT 306f3409-8c61-47c2-982d-506e7c8d9d26 ('Los 1: Sulz.3073 Metallbau Fassade SW Sulzbach II, Los 2: SteiEA.4038 '): no value found
2026-09-18 15:07:23 DEBUG      REJECT b7f972b1-9c22-483c-8564-6333b75deb73 ('2026-031 H83 GS DAH Ost-302-Umbau- und Rohbauarbeiten'): no value found
2026-09-18 15:07:23 DEBUG      REJECT 80a0a058-d86a-47b2-8fd9-48109ae35bbd ('Projekt zur Einführung eines Enterprise Content Management Systems (EC'): no value found
2026-09-18 15:07:23 DEBUG      REJECT 98a83317-8069-4ba7-bb38-6c4edad8d2c2 ('Produktionsdrucker Outputcenter'): no value found
2026-09-18 15:07:23 DEBUG      REJECT 9dcbc02e-cd8c-480d-9b26-5ecbf67ce9ee ('Open-House-Originale-Rabattverträge 2026-13 Etrasimod'): no value found
2026-09-18 15:07:23 DEBUG      REJECT fbdcbf3d-be59-483d-ab38-1756cc0a7d2d ('62-2026-530-EA - Tischlerarbeiten DIN 18358 - Feste Einbauten'): no value found
2026-09-18 15:07:23 DEBUG      REJECT d0397369-bf5a-411b-8bc9-3f118f2246df ('Paket 302057 - Investcontainer B04'): no value found
2026-09-18 15:07:23 DEBUG      REJECT 57b4aaef-861a-411a-a1ed-3f9d74bd31c5 ('Abschluss einer nicht-exklusiven Rabattvereinbarung nach § 130a Abs. 8'): only 1/3 core criteria matched (need 2) -- missed: cpv, nuts
2026-09-18 15:07:23 DEBUG      REJECT 026cada1-120c-44ea-bff8-7b30a328d090 ('Gussasphalt 2. BA'): only 1/3 core criteria matched (need 2) -- missed: cpv, nuts
2026-09-18 15:07:23 DEBUG      REJECT 369613f9-c427-4895-9ea6-bd1e347c8f18 ('1H0029, Neubau 4-gruppige KITA St. Pius, Bad Neuenahr-Ahrweiler, LOS 2'): no value found
2026-09-18 15:07:23 DEBUG      REJECT ce209a56-4628-4fb4-a66a-9f9bf85f46e7 ('Ersatzneubau EÜ Hamburger Straße mit Hp. Dresden Cotta, km 2,182 Strec'): no value found
2026-09-18 15:07:23 DEBUG      REJECT e770760f-524a-4885-8d88-79c2c6798a43 ('Prüfung elektrotechnischer Anlagen, DGUV V3'): no value found
2026-09-18 15:07:23 DEBUG      REJECT e047e95c-c1ed-40d3-9165-413d3e00e6ee ('Abschluss einer nicht-exklusiven Rabattvereinbarung nach § 130a Abs. 8'): only 1/3 core criteria matched (need 2) -- missed: cpv, nuts
2026-09-18 15:07:23 DEBUG      REJECT d04c9eec-c346-41cc-928b-777c5d9639b2 ('Versicherungsmakler-Dienstleistung'): no value found
2026-09-18 15:07:23 DEBUG      REJECT 01a0a922-f914-43e9-a8b5-2378984fbae1 ('Los 11 Trockenbauarbeiten Ständerwände Ersatzneubau Haus Alpha der Chr'): no value found
2026-09-18 15:07:23 DEBUG      REJECT 2d05498b-c065-4e6f-ab90-fe8f93014a99 ('2000284341 SL SAFe® Product Owner and SAFe® Product Manager (POPM)'): no value found
2026-09-18 15:07:23 DEBUG      REJECT 01a0a92f-fa55-492d-b369-0c1511d584fe ('Los 75 - Dachdeckerarbeiten, energetische Sanierung Altdach'): no value found
2026-09-18 15:07:23 DEBUG      REJECT 0ca93001-d4dd-41e7-9ed9-fe89746bcbd0 ('Pflegeschule am ukb - Rohbauarbeiten, erweiterter Rohbau, VB'): only 0/3 core criteria matched (need 2) -- missed: cpv, nuts, value
2026-09-18 15:07:23 DEBUG      REJECT e14c91ab-058a-4be1-86f0-85cfd1540b6a ('Ida-Ehre-Schule Bad Oldesloe; Erweiterungsneubau - Allgemeine Metallba'): no value found
2026-09-18 15:07:23 DEBUG      REJECT c75f8292-88d8-43a2-a8f0-6910e4986897 ('Tischler  Innentüren, Grund- und Förderschule E+F'): no value found
2026-09-18 15:07:23 DEBUG      REJECT 45331fb5-17ab-4dd2-b1a4-efe1c06f2dbe ('2026-0356 Fachplanungsleistung Tragwerksplanung, KGS Barbaraschule, Ga'): no value found
2026-09-18 15:07:23 DEBUG      REJECT 701a0ce3-bad2-4e7d-a7e2-a0cf4ede8663 ('Beschaffung eines vollautomatischen Dreimesserautomaten für den Betrie'): no value found
2026-09-18 15:07:23 DEBUG      REJECT 5b60e358-6bec-47db-b354-00763e1d2a60 ('Rahmenvereinbarung über die Durchführung von hoch- und teilmechanisier'): no value found
2026-09-18 15:07:23 DEBUG      REJECT 2bc7ce89-7cf2-46da-8b5a-e9c70bb06238 ('Sanierung Baulich-Technische Infrastruktur: Baumeisterarbeiten'): no value found
2026-09-18 15:07:23 DEBUG      REJECT 5f24df01-f65a-4b80-83f4-cb082ddcc57c ('Aufzugsanlagen - Sanierung und Erweiterung Grundschule Bernau am Chiem'): no value found
2026-09-18 15:07:23 DEBUG      REJECT 883094b0-c5a2-481a-a11e-663be6bc368f ('Pathologische Dienstleistungen - Klinikum Gütersloh'): no value found
2026-09-18 15:07:23 DEBUG      REJECT 69c41c9b-383f-4ea5-80ef-a9616384043e ('Krisenmanagement für den NDR'): no value found
2026-09-18 15:07:23 DEBUG      REJECT 5e74aeed-822f-42c2-afbc-c7d4492ea2f7 ('Durchführung von Wachdiensten, der zentralen Telefonvermittlung, von  '): no value found
2026-09-18 15:07:23 DEBUG      REJECT 21733d2c-4a49-4ae6-8155-7be12367d872 ('HLK Hamburg - Berlin, Bauüberwachung Raumlos 1 Hamburg-Rothenburgsort '): no value found
2026-09-18 15:07:23 DEBUG      REJECT 2f92fc1a-c859-466c-813f-5a5fa2370dd3 ('2000284170 SL Beauftragter KI & Compliance'): no value found
2026-09-18 15:07:23 DEBUG      REJECT fc8b6f50-54ab-4ca2-977c-36b489abe0d6 ('On the Job Training (OJT) A320 Familie'): no value found
2026-09-18 15:07:23 DEBUG      REJECT 8b71b72d-8e1b-4130-bc9a-d41035f051b4 ('Veste Otzberg - Außenanlagen 2.BA'): no value found
2026-09-18 15:07:23 DEBUG      REJECT 1b1905e9-665f-43f2-a09f-ccc3a462a121 ('Winterdienst LSBB RB Nord, SM Gardelegen, Radwege, ab 2026, Fahrzeug 5'): no value found
2026-09-18 15:07:23 DEBUG      REJECT 75663dca-4557-4919-8763-85cb0580015d ('Baugrund- und Altlastenuntersuchung - Sanierungsgebiet Krückau-Vormste'): no value found
2026-09-18 15:07:23 DEBUG      REJECT 32ec6fdb-a941-47cd-98f9-ff4beeeaefb4 ('Rahmenvereinbarung über die Durchführung von Führerscheinausbildungen '): no value found
2026-09-18 15:07:23 DEBUG      REJECT ab0a0057-8207-43c3-b227-58614e2d57c9 ('Lüftung und Kältetechnik'): no value found
2026-09-18 15:07:23 DEBUG      REJECT 392c658f-6c5a-4213-b82c-d95f6ca20e3d ('Verblendarbeiten Haus 1B und 3'): no value found
2026-09-18 15:07:23 DEBUG      REJECT 23b2bf97-47f5-4127-9b4c-81218629254e ('Tiefbauarbeiten zum Neubau des Berufskollegs in Meschede'): no value found
2026-09-18 15:07:23 DEBUG      REJECT 767be733-aa58-40d9-a073-88b6e6cffbc2 ('Ganztagsgrundschule und Turnhalle Wiedheck Saarbrücken - Fachplanung T'): no value found
2026-09-18 15:07:23 DEBUG      REJECT f14bea64-d2de-4871-b3e7-b00bb1f137b4 ('A-JLS_Schlosserarbeiten'): no value found
2026-09-18 15:07:23 DEBUG      REJECT 19e2cdb4-5aac-4f04-b28b-be7e9c18cdd8 ('BK Dorsten Sanierung Geb. 9, Heizungsinstallation'): no value found
2026-09-18 15:07:23 DEBUG      REJECT efeb49ad-22e6-4994-8c0f-7fb500cbff0e ('Kongresstische für den Vermietbereich'): no value found
2026-09-18 15:07:23 DEBUG      REJECT 3a8c18f4-e8e4-4892-a453-0f21d8f3baee ('Rahmenvertrag SiPo + SAKRA 2027-2028'): no value found
2026-09-18 15:07:23 DEBUG      REJECT 3c485bd4-c4dc-4b22-afea-636263a0db34 ('Kauf und Lieferung eines 2PP-3D-Druckers'): only 1/3 core criteria matched (need 2) -- missed: cpv, nuts
2026-09-18 15:07:23 DEBUG      REJECT 674caa8b-b46d-481f-9a71-ae06efd5a9da ('Gym. Otto-Pankok-Schule Gesamtsanierung und Errichtung Erweiterungsbau'): no value found
2026-09-18 15:07:23 DEBUG      REJECT 92a8abf8-b0d7-41d3-863f-ac636962229a ('Hauptbauleistungen Generalsanierung Hamburg-Berlin, Abschnitt Hamburg '): no value found
2026-09-18 15:07:23 DEBUG      REJECT 5fbf3efb-0819-4c5c-939e-9fb7b41c93b1 ('Estrich- und Bodenbelagsarbeiten'): no value found
2026-09-18 15:07:23 DEBUG      REJECT 63bceba0-9df4-44a5-80cf-46f085af39e8 ('Verblendarbeiten Haus 7'): no value found
2026-09-18 15:07:23 DEBUG      REJECT b797b49b-f42b-43e3-877a-7efb7d83c154 ('BBS II  - Lieferung von Labortischen für die Elektrowerkstätten'): no value found
2026-09-18 15:07:23 DEBUG      REJECT c66bfcd4-434b-41c8-9e48-c45e06c9aa90 ('Gebietsbeauftragte Marzahn-Süd'): no value found
2026-09-18 15:07:23 DEBUG      REJECT 3068db6d-f073-4fc2-b4d1-8d196c92f990 ('Fensterbauarbeiten und Außentüren, Max-Weber-Schule'): no value found
2026-09-18 15:07:23 DEBUG      REJECT 3dcef330-312a-49af-948a-22359b25d721 ('TNW_Arch_KJF der Diözese Regensburg e.V._Ersatzneubau HPZ Rottal-Inn i'): no value found
2026-09-18 15:07:23 DEBUG      REJECT 179421c1-9b29-4dce-9499-a3a2d5be4628 ('Fassade Wärmedämmverbundsystem'): no value found
2026-09-18 15:07:23 DEBUG      REJECT 020789af-e975-4506-9155-1ff527e55830 ('Vergabeverfahren zur Erweiterung des bwForCluster Helix'): no value found
2026-09-18 15:07:23 DEBUG      REJECT 5a45e622-9bb1-499d-97c6-fa1fdb78c83e ('Lieferung von Tatortkraftwagen klein und Brandermittlerkraftwagen - Ne'): no value found
2026-09-18 15:07:23 DEBUG      REJECT b56830c3-415a-4367-9b5d-86a48e614dc6 ('26W 3 Achs LKW SM BT'): no value found
2026-09-18 15:07:23 DEBUG      REJECT 26cddd18-afd6-4f1f-a0cf-0e3af2a23920 ('Planungsleistungen BIM NBS Frankfurt-Mannheim, Abschnitt Lorsch bis Ma'): no value found
2026-09-18 15:07:23 DEBUG      REJECT 36718126-01f9-40a7-9c03-0a9a42373767 ('Prüfung der Jahresrechnung einschließlich Lagebericht der Stadt Hennef'): no value found
2026-09-18 15:07:23 DEBUG      REJECT f3ed91f1-743a-4841-9165-63ce92d2e7bc ('SWG - Reinigungsleistung Barbarossa-Thermen, Schulbad, Freibad, 5-Täle'): no value found
2026-09-18 15:07:23 DEBUG      REJECT 878c0a4d-2886-4cd4-8979-be2d09515c31 ('Umbau RSTW SpDrS600 Düsseldorf-Gerresheim PT2 - ESTW Solingen 2.BS, Be'): no value found
2026-09-18 15:07:23 DEBUG      REJECT 9346d1c3-9f49-4bf5-8426-77fb0dbce7e5 ('Externe Ausbildung „Zugführer Freiwillige Feuerwehr“'): only 1/3 core criteria matched (need 2) -- missed: cpv, nuts
2026-09-18 15:07:23 DEBUG      REJECT e2183ff1-093c-42a0-bd3c-122bb0e6ba9f ('Lieferung Lose Möblierung - Fruchtkasten Herrenberg'): no value found
2026-09-18 15:07:23 DEBUG      REJECT 308e5dea-d942-4314-8ddd-ea8d590ee06f ('Beschaffung eines Löschgruppenfahrzeuges'): only 1/3 core criteria matched (need 2) -- missed: cpv, nuts
2026-09-18 15:07:23 DEBUG      REJECT fe4f5bef-43c8-4a75-ad75-22dc8481245b ('Drahtbondautomat bzw. Drahtbondhalbautomat, - Ausführung als ein Tisch'): no value found
2026-09-18 15:07:23 DEBUG      REJECT 8ca07b4c-9473-4085-87d1-84c26e7f2c49 ('Einkauf von Beatmungsgeräten'): no value found
2026-09-18 15:07:23 DEBUG      REJECT 05c30013-5b92-4ca5-956a-5a084dbbef1d ('VE 3.07-Dachabdichtung- und Dachklempnerarbe'): no value found
2026-09-18 15:07:23 DEBUG      REJECT 1d6bfe95-cdf1-4a37-9331-2596e9b20e27 ('Dynamisches Beschaffungssystem (EU-weit) zur Vergabe von Planungsleist'): no value found
2026-09-18 15:07:23 DEBUG      REJECT e3410491-8120-4a34-bf0b-8548c63d38e2 ('Bereitstellung von Tank- und Ladekarten für den Bezug von Kraftstoffen'): no value found
2026-09-18 15:07:23 DEBUG      REJECT c968fafe-1f92-4c7f-bdc3-fc0ed4b625a9 ('Erweiterung Realschule Schloß Neuhaus; Fassadenarbeiten-Hinterlüftet'): no value found
2026-09-18 15:07:23 DEBUG      REJECT 432eb28a-1fb0-4fac-9c45-56933fb29639 ('Egl-L, LEA Am Schröcker Tor, Erweiterung der EA\n\nDruckrohrleitungsarbe'): only 1/3 core criteria matched (need 2) -- missed: cpv, nuts
2026-09-18 15:07:23 DEBUG      REJECT b2c88898-38aa-4f2c-9be1-34c3f008dfcd ('REZ SW BvB AA Landau'): no value found
2026-09-18 15:07:23 DEBUG      REJECT a4b38887-9936-4313-8a16-4bec32e267a5 ('SPGK_S13 - 3/4-gleisiger Ausbau Troisdorf – Bonn-Oberkassel: Los 6.002'): no value found
2026-09-18 15:07:23 DEBUG      REJECT 327c76c5-4d24-4924-b9ea-8509ae1da379 ('Blasenschleier 2026'): no value found
2026-09-18 15:07:23 DEBUG      REJECT 9f32d970-1f4f-472a-ac79-0534b1527478 ('Gerüstarbeiten - Beachvolleyballhalle Münster - Bauwerke Münster GmbH'): no value found
2026-09-18 15:07:23 DEBUG      REJECT 1934c8ec-bdfc-4374-9634-19115efeca4e ('Rahmenvertrag über Räumungsleistungen in Wohnungen des Auftraggebers i'): no value found
2026-09-18 15:07:23 DEBUG      REJECT 3e63b0f0-bcfc-4c68-b624-b78f4bf8d18a ('Sanierung ehem. Kloster St. Michael Pfortenflügel - WC-Anlage Schreine'): no value found
2026-09-18 15:07:23 DEBUG      REJECT b077a738-544a-4c28-bbca-1787911deda3 ('Pommernstr. 10 - Neubau Schulzentrum Südwest / 2.BA - B3.3301 Baufeinr'): no value found
2026-09-18 15:07:23 DEBUG      REJECT 96985466-338b-460c-8270-0092d3cf94e8 ('Serviceleistungen für Betrieb, Betreuung und technische Aktualisierung'): no value found
2026-09-18 15:07:23 DEBUG      REJECT 5742e376-ae4d-45d1-b71a-842ad518b5b9 ('Gebäudereinigung Freudstr. 15'): no value found
2026-09-18 15:07:23 DEBUG      REJECT 9b341a06-b28a-4970-8d16-7a7e8877a3af ('SPGK_VDE 9 - Ersatzneubau EÜ Kreuzungsbauwerk Dresden Hauptbahnhof (KD'): no value found
2026-09-18 15:07:23 DEBUG      REJECT 94790f04-d27f-4015-9cc6-40479983d449 ('2-gleisiger Ausbau Daglfing-Trudering (Truderinger Spange) - OP VA, OP'): no value found
2026-09-18 15:07:23 DEBUG      REJECT 9ed2a671-6f6d-46a4-8262-f6a0e2997a08 ('Moderation (Moderatorenduo) und Produktion des Podcasts Update verfügb'): no value found
2026-09-18 15:07:23 DEBUG      REJECT 188a5884-c602-4cb8-aa05-3200836e7ee8 ('Amtsgericht Zwickau, bedarfsgerechte Unterbringung'): no value found
2026-09-18 15:07:23 DEBUG      REJECT 522f036a-991b-4b5a-b54a-2388a2a4cf98 ('Bewachungsleistungen Schweriner - Umland'): no value found
2026-09-18 15:07:23 DEBUG      REJECT 202f6739-3a7b-48d1-bf9a-45a0052bae14 ('Planungswettbewerb KITA Max und Moritz Haldensleben'): no value found
2026-09-18 15:07:23 DEBUG      REJECT 3c57c268-af11-4391-a61c-40b4e8f9c9cc ('Schulverpflegung'): no value found
2026-09-18 15:07:23 DEBUG      REJECT 79bbf4cf-f45f-4fa1-aa6e-b879568714e4 ('Umbau Verkehrsstation Dortmund Hbf, VP 9.2'): no value found
2026-09-18 15:07:23 DEBUG      REJECT cb098c84-3c8e-4ddb-9412-37bc16737265 ('Rahmenvertrag über die Reinigung und Desinfektion von Reinwasserbehält'): no value found
2026-09-18 15:07:23 DEBUG      REJECT 63e6ee59-f650-4412-9bed-2e4356d12c27 ('Rahmenvereinbarung  "Inhouse-Führungsentwicklungsprogramm  für Tenure-'): no value found
2026-09-18 15:07:23 DEBUG      REJECT 6994c1e2-bade-4ef1-a7db-e1dfb4c67dbe ('Vergabe von Dienstleistungen für Hosting, Betrieb und Content-Erstellu'): no value found
2026-09-18 15:07:23 DEBUG      REJECT 6f9e97d6-a602-4531-9f6b-95b0de4a9045 (' Sanierung Baulich-Technische Infrastruktur: Gerüstbau'): no value found
2026-09-18 15:07:23 DEBUG      REJECT 956b4163-bead-4aa5-99c3-bda117e8d6b0 ('Modernisierung der Werkstätten; Beschaffung einer CNC 5-Achs Simultan '): no value found
2026-09-18 15:07:23 DEBUG      REJECT d166f6b6-7344-4cee-ac7f-bd3a4195b14f ('Objektplanung Gebäude und Innenräume gem. Teil 3, Abschnitt 1 HOAI 201'): no value found
2026-09-18 15:07:23 DEBUG      REJECT 12c70852-2d14-4284-8c12-52dfe4f4943f ('Leerung städtische Müllbehälter und Endreinigung Karnevalszüge'): no value found
2026-09-18 15:07:23 DEBUG      REJECT 4d78d140-2f1f-4708-bcf4-f8497df816eb ('7000008930_II Kassensystem'): no value found
2026-09-18 15:07:23 DEBUG      REJECT 86fa937c-6aae-4cc1-9cd6-0f1a085899cb ('BMUKN - Dachabdichtungsarbeiten nach DIN 18 338 - Vergabe 1741/2026'): no value found
2026-09-18 15:07:23 DEBUG      REJECT 5d2794d6-1d47-4adf-bcaf-f1c2d8ea071d ('ABS 46/2 - BA 4b - VP 04 - Neubau VA + KIB'): no value found
2026-09-18 15:07:23 DEBUG      REJECT 01a05cb4-0c3c-4096-961c-a32bbf39bdf6 ('Helmut-Schön-Sportpark Wiesbaden - Generalsanierung Kunststoffflächen '): no value found
2026-09-18 15:07:23 DEBUG      REJECT 278f0206-c315-4cf4-9ef3-eb693391a4b8 ('Pommernstr. 10 - Neubau Schulzentrum Südwest / 2.BA - B3.0104 Gerüstar'): no value found
2026-09-18 15:07:23 DEBUG      REJECT 823cffa7-caef-4339-9c12-e44e354b4358 ('Ausführung von Prüfungen, Wartungen und Inspektionen'): no value found
2026-09-18 15:07:23 DEBUG      REJECT 84b049fb-7924-43eb-bf10-bae2688d5a0a ('Rahmenvertrag für Neubau von Wohngebäuden in Holz- oder Holzhybridbauw'): no value found
2026-09-18 15:07:23 DEBUG      REJECT ae12ee94-7f69-4f56-aaea-c09542ec156a ('Rahmenvertrag für die Lieferung von Schaltanlagen bis 15 KW'): no value found
2026-09-18 15:07:23 DEBUG      REJECT bf3cc0bf-518f-4341-9d5e-a2a4f1b4510a ('Umbau und Erweiterung Marquardschule - Rohbauarbeiten'): no value found
2026-09-18 15:07:23 DEBUG      REJECT aaf2856d-401f-4d2c-a2fb-cd5adc58ff48 ('Neubau Friedrich-Junge-Gemeinschaftsschule; Metallbau Fahrradunterstan'): no value found
2026-09-18 15:07:23 DEBUG      REJECT ec8495d7-8d8c-44d9-84db-bfd43b0e0f7a ('Rahmenvertrag Sperrmüllentsorgung GESOBAU AG u. GESOBAU Wohnen GmbH u.'): no value found
2026-09-18 15:07:23 DEBUG      REJECT c5e36c76-a778-42ad-8cf4-60a17827e90c ('Rahmenvereinbarung Kopiertechnik BTU 2027'): only 1/3 core criteria matched (need 2) -- missed: cpv, nuts
2026-09-18 15:07:23 DEBUG      REJECT 7642dd90-071c-4828-ba0a-fcbc8dd73750 ('Pommernstr. 10 - Neubau Schulzentrum Südwest / 2.BA - B3.2402 Fliesena'): no value found
2026-09-18 15:07:23 DEBUG      REJECT f8b96f6c-0220-4478-ab37-61b36176c1aa ('Neubau ESTW Köln Hbf 1./2.BS'): no value found
2026-09-18 15:07:23 DEBUG      REJECT 003aa3d4-3fdb-4cb8-baeb-774df1b2478f ('Grundhafte Erneuerung von drei innerörtlichen Straßen (Liederbach)'): no value found
2026-09-18 15:07:23 DEBUG      REJECT f1ac2b32-13e4-4549-9ca5-15c0a890a2fd ('Funkinfrastruktur Strecke 6100 von Hamburg-Rothenburg bis Berlin-Spand'): no value found
2026-09-18 15:07:23 DEBUG      REJECT b4f4e9a7-83e8-455a-86cb-a61d0bb95555 ('Revitalisierung Ringstraße 60 Los 14 Fliesen'): no value found
2026-09-18 15:07:23 DEBUG      REJECT ed75528a-0148-44c3-8df7-8a9d381aa738 ('Tragwerksplanung nach § 52 HOAI sowie Bauphysik, hier: Wärmeschutz und'): no value found
2026-09-18 15:07:23 DEBUG      REJECT f6327b81-521b-450e-97bc-641682d163cf ('Neubeu Rathaus Los 22 Heizung Lüftung-Sanitärinstallation '): no value found
2026-09-18 15:07:23 DEBUG      REJECT 01a0a3ec-87a8-4430-be02-6ce86dc75850 ('Kläranlage Bad Waldsee - Erweiterung und Sanierung der mechanischen St'): no value found
2026-09-18 15:07:23 DEBUG      REJECT 14767811-c097-4240-becf-8cfa836eec0d ('Fraunhofer-Gesellschaft 80-00031-2800-E Fachpl. ELT AG 4,5,6 - Rahmenv'): only 1/3 core criteria matched (need 2) -- missed: cpv, nuts
2026-09-18 15:07:23 DEBUG      REJECT 2ae60d52-10fc-4a64-8167-24c7aa01d69a ('RAW_700 - 53 Sicherheitsposten'): no value found
2026-09-18 15:07:23 DEBUG      REJECT fa43add7-3c67-451a-a3e0-7ec9b413ab0a ('NE_B052_Kulturbürgerhaus Pasing_Förderanlagen_DFr'): no value found
2026-09-18 15:07:23 DEBUG      REJECT 53f79d41-9e24-4e8d-b900-ff3aa54b1437 ('Ffm. Hbf. Neustrukturierung Nordbau / B-Ebene: Los 1: Tiefbau und Los '): no value found
2026-09-18 15:07:23 DEBUG      REJECT 428b7d4b-9067-4261-94e6-e4733f9d7fd3 ('MULE II - Mehrbenutzer-Raketenstartplatz für Europa'): no value found
2026-09-18 15:07:23 DEBUG      REJECT 11d3b654-32f3-43cb-8195-e5f7c940ba2d ('Holzbau- und Zimmererarbeiten'): no value found
2026-09-18 15:07:23 DEBUG      REJECT 96fa91f3-6db1-4a18-b025-2e1af51eb3bf ('Erneuerung Rahmenvertrag Wartung AFZS Bus und Straßenbahn'): no value found
2026-09-18 15:07:23 DEBUG      REJECT 46168221-4d85-4890-9b02-c1c4bfeed155 ('Erweiterung der Martin-Luther-Schule - Dachdeckerarbeiten'): no value found
2026-09-18 15:07:23 DEBUG      REJECT 01a05c63-7a5f-4b19-a2de-db6234bcd4f9 ('Helmut-Schön-Sportpark Wiesbaden - Generalsanierung Kunststoffflächen '): no value found
2026-09-18 15:07:23 DEBUG      REJECT 20bd17af-4a0a-45a8-bb3e-25a095d2d137 ('Beratung, Begleitung und Durchführung von Vermessungsleistungen Neubau'): no value found
2026-09-18 15:07:23 DEBUG      REJECT 72f54290-0440-4e79-86dc-0ca40d139221 ('Lieferung eines Allrad/Kommunalschleppers '): only 1/3 core criteria matched (need 2) -- missed: cpv, nuts
2026-09-18 15:07:23 DEBUG      REJECT 0cef5b4b-7127-48aa-a98c-80be378c0532 ('Betriebshof Käfertal - VE3 Vorabmaßnahmen'): no value found
2026-09-18 15:07:23 DEBUG      REJECT 2c56c6a1-6fec-4de1-bde8-78530baf0df7 ('Unterhalts- und Glasreinigung Insel Rügen'): no value found
2026-09-18 15:07:23 DEBUG      REJECT 70af8654-23ef-4b3f-9783-bc1313d4921f ('Rahmenvereinbarung über die Frei-Haus-Lieferung von Arbeitsschutzausrü'): no value found
2026-09-18 15:07:23 DEBUG      REJECT 3aa3ad68-d37e-4f27-b7d0-715ba136a3e9 ('GS Wallenbaum Saarbrücken - Verkehrssicherung '): no value found
2026-09-18 15:07:23 DEBUG      REJECT 74581c2f-4aed-40cb-a3c5-460ce4f71420 ('Hallenbad Heißen Ersatzneubau - Raumlufttechnische Anlagen'): only 1/3 core criteria matched (need 2) -- missed: nuts, value
2026-09-18 15:07:23 DEBUG      REJECT 645a6434-d1b1-4343-8369-9c6c7220a03d ('032 Alu-Türen und, Alu Pfosten Riegel F., Alu-Fenster'): no value found
2026-09-18 15:07:23 DEBUG      REJECT 6d67def5-a9b2-4c84-840f-1ce589e5205d ('Rahmenvereinbarung über die Lieferung von Schränken und Regalen für ve'): only 1/3 core criteria matched (need 2) -- missed: cpv, nuts
2026-09-18 15:07:23 DEBUG      REJECT de373bf1-ffaf-495d-8764-1b8902ef2043 ('Funkinfrastruktur Strecke 6100 von Hamburg-Rothenburg bis Berlin-Spand'): no value found
2026-09-18 15:07:23 DEBUG      REJECT 9c7c5cb9-220a-41b2-ba70-d8e698bb08aa ('Landschaftsbauarbeiten'): no value found
2026-09-18 15:07:23 DEBUG      REJECT e8b39217-1a61-4932-ae2a-8912da3a3c48 ('Änderung eines bestehenden Rahmenvertrages während der Vertragslaufzei'): no value found
2026-09-18 15:07:23 DEBUG      REJECT 64e49fcb-4af7-4d90-b718-7322b8924391 ('Druckluftanlage Feuerwache Kirchhellen'): no value found
2026-09-18 15:07:23 DEBUG      REJECT a103943c-cd1a-4322-ae9a-906a9cde934b ('14TEI10205 2. S-Bahn-Stammstrecke München – VE 30 Rohbauarbeiten Tunne'): no value found
2026-09-18 15:07:23 DEBUG      REJECT b31e2e60-3b3d-4edf-806d-66f71468c510 ('Heuneburg, Kelten-Erlebniswelt 2. BA\n\nH7 Tischlerarbeiten - Innentüren'): only 1/3 core criteria matched (need 2) -- missed: cpv, nuts
2026-09-18 15:07:23 DEBUG      REJECT aab14574-a080-4100-ac5f-94bb32657e01 ('Reinigung einer städtischen Obdachlosenunterkunft - Alter Flughafen 12'): no value found
2026-09-18 15:07:23 DEBUG      REJECT 3170b305-dccd-429d-9622-4b4620200ce8 ('Holz- und Faserzementfassde I  3. BA Sanierung und Erweiterung der Mus'): no value found
2026-09-18 15:07:23 DEBUG      REJECT faf012c4-480d-4d58-ab98-6b0279652360 ('AMO Tragwerk, Bauphysik Neubau'): no value found
2026-09-18 15:07:23 DEBUG      REJECT 52138825-cda2-48d0-9daf-845b2058edda ('Sanierung Erweiterung Alte Wanne / Sanitärtechnik'): no value found
2026-09-18 15:07:23 DEBUG      REJECT cc3561e3-7f3d-49e4-b413-760328026ad7 ('Unterhalts- und Grundreinigung aller Einrichtungen der Gemeinde Schulz'): no value found
2026-09-18 15:07:23 DEBUG      REJECT 7deb26c4-42d7-4200-9c67-30e9bc522577 ('Rahmenvereinbarung Sicherheitsschuhe'): no value found
2026-09-18 15:07:23 DEBUG      REJECT 0984f501-f713-4420-82eb-588fad59d289 ('Sanierung Erweiterung Alte Wanne / Lüftungstechnik'): no value found
2026-09-18 15:07:23 DEBUG      REJECT 52f35171-d92c-4b40-9bcb-eba4b062bb65 ('Sickerwasserreinigung mittels Umkehrosmoseanlage'): no value found
2026-09-18 15:07:23 DEBUG      REJECT a45956eb-eadf-439f-8fcf-79bd686f61cd ('Abschluss von Rahmenvereinbarungen für IT-Hardware'): no value found
2026-09-18 15:07:23 DEBUG      REJECT e319dd27-487a-41af-a526-df880accbdd7 ('Erweiterung Kohlheckschule Wiesbaden '): excluded by role-hint keyword 'Elektrotechnik'
2026-09-18 15:07:23 DEBUG      REJECT 5f93bbd6-2477-41bb-8f36-988096320017 ('Open House "Teledermatologie - Neufassung 2026"'): no value found
2026-09-18 15:07:23 DEBUG      REJECT eaad9fc4-a349-428c-9c59-8fd0de933c27 ('KRH Klinikum Großburgwedel - Projektsteuerungsleistungen'): no value found
2026-09-18 15:07:23 DEBUG      REJECT 66757288-481c-452f-af41-aab9748f9d89 ('2026-032 Elektroarbeiten Bauabschnitt 2'): excluded by role-hint keyword 'Elektroarbeiten'
2026-09-18 15:07:23 DEBUG      REJECT 11e6d084-1468-4c75-af42-3c54697fa5ef ('Gemeinde Henstedt-Ulzburg: Neubau des Alstergymnasiums (Generalunterne'): excluded by keyword 'Generalunternehmer'
2026-09-18 15:07:23 DEBUG      REJECT 6637479a-f4e5-45ec-8e54-87d6d9c40222 ('UDU - KV-Anlage Ulm/Dornstadt; Erd-/Tiefbauarbeiten'): no value found
2026-09-18 15:07:23 DEBUG      REJECT 2ff07f76-b2a2-48d8-97fb-c56e36fc20e9 ('Beratungsleistungen für die Vorbereitung, Durchführung und Nachbereitu'): only 1/3 core criteria matched (need 2) -- missed: cpv, nuts
2026-09-18 15:07:23 DEBUG      REJECT c3399972-84e9-4f82-9a58-2350b7602775 ('Sanierung Erweiterung Alte Wanne / Gebäudeautomation'): no value found
2026-09-18 15:07:23 DEBUG      REJECT 823fc496-0186-4eea-8250-7e7718bf6af2 ('Gülleschiebertechnik und Güllecontainer im Projekt ZISSAU, 2. Baufenst'): no value found
2026-09-18 15:07:23 DEBUG      REJECT 38a59c9c-86eb-4411-960b-dcb25976e2c3 ('Ersatzneubau BW50 Hauptmaßnahme - BMP'): no value found
2026-09-18 15:07:23 DEBUG      REJECT eb139197-1095-4e76-839f-b80d1f02b8a9 ('Maßnahme zur Aktivierung und beruflichen Eingliederung nach § 16 Abs. '): no value found
2026-09-18 15:07:23 DEBUG      REJECT b9a311b1-599b-44ce-883f-5ee17b917adf ('Dachdeckerarbeiten - Dach Neubau - Radiopharmakalabor und Zyklotronbun'): no value found
2026-09-18 15:07:23 DEBUG      REJECT d76cdafc-bf50-48f5-a3f7-079d9d2e41e1 ('Prüfung von ortsfesten elektrischen Anlagen und ortsveränderlichen ele'): only 1/3 core criteria matched (need 2) -- missed: cpv, nuts
2026-09-18 15:07:23 DEBUG      REJECT 19a1d8de-ed3e-4e2e-817e-345293621e68 ('Glaselement Windfang'): no value found
2026-09-18 15:07:23 DEBUG      REJECT d11fab1b-6b91-40e3-8fc6-9cb3402b1915 ('Vergabeverfahren SVN NG, Los 3 (Netze)'): no value found
2026-09-18 15:07:23 DEBUG      REJECT 99abb9b4-94c5-4f36-b343-0bc40146baab ('Verhandlungsverfahren mit Teilnahmewettbewerb zur Vergabe einer Vermie'): no value found
2026-09-18 15:07:23 DEBUG      REJECT aaa124f2-0148-4589-b19c-96031757b1de ('Lieferung von Floating Car Data (FCD) zur Inventarisierung von vertika'): no value found
2026-09-18 15:07:23 DEBUG      REJECT fe67bd1d-0c58-4175-99b6-5afffa6c772a ('Beauftragung eines Leistungserbringers im öffentlichen Rettungsdienst'): no value found
2026-09-18 15:07:23 DEBUG      REJECT 246b5c20-4898-4ab6-aac4-d76855ecc1dd ('Objektplanungsleistungen für den Rückbau und Neubau der Kinder- und Ju'): no value found
2026-09-18 15:07:23 DEBUG      REJECT e4148c1a-7b48-4333-b771-69d9e8f43385 ('Kampfmittelerkundung und -räumung am Süddamm auf Helgoland'): no value found
2026-09-18 15:07:23 DEBUG      REJECT ea93fb8b-664e-4f85-a41d-937f2bac1230 ('EEG-Gerät, LV.377.7b'): no value found
2026-09-18 15:07:23 DEBUG      REJECT dc7c9efd-1fe5-4f6a-a0ec-d564528a3b1c ('123kV Trenn- und Erdungsschalter'): no value found
2026-09-18 15:07:23 DEBUG      REJECT 1a2a4888-9648-42b2-a813-c1f19f6d6930 ('Garten- und Landschaftsbauarbeiten Bad 28'): no value found
2026-09-18 15:07:23 DEBUG      REJECT a857b53b-b5e7-4b9d-be3e-a589358b7f02 ('ESTW Gießen-Nidda TK, 2. Baustufe, EMA/BMA'): no value found
2026-09-18 15:07:23 DEBUG      REJECT a1fa484d-7b19-44e9-a3c6-294c744a3732 ('VE 1: Brücken - K147, K268; K276'): no value found
2026-09-18 15:07:23 DEBUG      REJECT 01a0a96a-37c0-4640-b93d-2f0aa2597366 ('71-2026-40 Zwickauer Mulde, Zwickau- Crossen M45 - F-km 82+765 bis 84+'): only 1/3 core criteria matched (need 2) -- missed: cpv, nuts
2026-09-18 15:07:23 DEBUG      REJECT 158beba2-6ee3-4a73-a400-08cea81b6d13 ('Umzugsleistung Auslagerung Ethnologisches Museum'): no value found
2026-09-18 15:07:23 DEBUG      REJECT 1214b958-9c46-43f9-a8e3-3242d5540f2e ('2026-09-nohfelden-neubau-feuerwehrgeraetehaus-leistungen-ta'): no value found
2026-09-18 15:07:23 DEBUG      REJECT 58fa2fce-a88e-4967-b2b9-6bb0b4106016 ('ABS 46/2 Emmerich - Oberhausen BA 2 - VP 3a Ingenieurbauwerke Betriebs'): no value found
2026-09-18 15:07:23 DEBUG      REJECT b9076714-a212-4891-b486-6a6f8b2e506a ('Generalsanierung Kinzigtal Strecke 3600 - Oberleitung'): no value found
2026-09-18 15:07:23 DEBUG      REJECT cf60c861-5df0-418d-ba35-0b334044fe5e ('Revitalisierung Ringstraße 60 Los 17 Innentüren'): no value found
2026-09-18 15:07:23 DEBUG      REJECT 527d4999-cad2-4911-bc33-eaa064932bef ('Sanierung der Kirche St. Vitus Karthaus-Prüll Regensburg'): no value found
2026-09-18 15:07:23 DEBUG      REJECT efa06669-9e4d-40e9-9026-7ca3fbb69bfa ('Anpassung RSTW SpDrS600 Wiesbaden Hbf an ESTW-Z Kostheim, GWB-Nachrüst'): no value found
2026-09-18 15:07:23 DEBUG      REJECT 969a00bd-61f0-4173-91a6-bedacdb35e21 ('Erstellung und Umsetzung eines Logistikkonzepts für den Transport von '): no value found
2026-09-18 15:07:23 DEBUG      REJECT 61e3035b-31f7-4669-bf35-1e4a4d1acd93 ('HBF München - VE2300HU - Bauzeitlicher Zugang U4/U5'): no value found
2026-09-18 15:07:23 DEBUG      REJECT 2c273636-c2c9-4a9b-baf1-0ca6b0fd4109 ('Umbau ESTW-Z L90 München Riem, VE04h - Hochrüstung HIS'): no value found
2026-09-18 15:07:23 DEBUG      REJECT d5a97891-29ed-4119-b869-b07c7e6065a0 ('Betreuungsleistungen für die Robert-Mayer-Schule'): no value found
2026-09-18 15:07:23 DEBUG      REJECT c93bdacd-fa5f-4e2f-8522-07eb370f9cf2 ('Objektplanung LP 3-8'): no value found
2026-09-18 15:07:23 DEBUG      REJECT 171a313b-44cf-47b5-8da7-32a55b56c6a2 ('Objektplanung Gebäude und Innenräume gem. Teil 3, Abschnitt 1 HOAI 201'): no value found
2026-09-18 15:07:23 DEBUG      REJECT 61e087c4-35bc-4bc3-bea5-d60c8e155b6e ('SPGK_VDE 9 - Ersatzneubau EÜ Kreuzungsbauwerk Dresden Hauptbahnhof (KD'): no value found
2026-09-18 15:07:23 DEBUG      REJECT a63fe068-144c-45ee-b3c9-a377403efe2a ('Technische Ausrüstung nach § 56 HOAI - Anlagengruppen HLS und ELT'): no value found
2026-09-18 15:07:23 DEBUG      REJECT d0c5279d-d52e-4639-b967-af0f6b4d0cc0 ('Objektplanung Gebäude und Innenräume gem. Teil 3, Abschnitt 1 HOAI 201'): no value found
2026-09-18 15:07:23 DEBUG      REJECT b054db63-79b9-4890-9fe8-53c208810568 ('Prüfstatikerleistungen zur Prüfung der statischen Berechnungen, Planun'): no value found
2026-09-18 15:07:23 DEBUG      REJECT fcf2b37d-08db-45a0-b5cc-ad84e1fa6019 ('Dynamisches Beschaffungssystem (EU-weit) zur Vergabe von Planungsleist'): no value found
2026-09-18 15:07:23 DEBUG      REJECT aa7872e7-fc82-4bb1-82fe-67642421e044 ('Access - Heizung/Kälte'): no value found
2026-09-18 15:07:23 DEBUG      REJECT 7aecd64d-9b64-4651-b9b1-bada9d8dcf3a ('Empfangsgebäude Ahrensburg & Bad Oldesloe; BIM-Planung, Lph 1-3, 4-7 o'): no value found
2026-09-18 15:07:23 DEBUG      REJECT f2a3b4ff-a430-4f12-9579-f96fde780f5e ('TNW_TWP_KJF der Diözese Regensburg e.V._Ersatzneubau HPZ Rottal-Inn in'): no value found
2026-09-18 15:07:23 DEBUG      REJECT a5d66d73-0159-47f4-a32b-6fc60c785c56 ('Schulbücher im Rahmen der Lernmittelfreiheit - Rahmenvereinbarung'): only 0/3 core criteria matched (need 2) -- missed: cpv, nuts, value
2026-09-18 15:07:23 DEBUG      REJECT c6639470-d6a3-4c5e-8231-b570e6626648 ('Umbau ESTW-A Lintorf El S (SIMIS C) PT2 - ESTW Solingen 2. BS'): no value found
2026-09-18 15:07:23 DEBUG      REJECT efa246af-3af3-42b6-9925-05bf5383357b ('Lieferung eines Hubrettungsfahrzeug als Hubarbeitsbühne (TGM 23/12) fü'): only 1/3 core criteria matched (need 2) -- missed: cpv, value
2026-09-18 15:07:23 DEBUG      REJECT 99a76bd6-b04e-4757-af51-0af40536f9d2 ('63/2600029975 - Sanierung Experimentierhalle (EH) - MSR'): no value found
2026-09-18 15:07:23 DEBUG      REJECT 4449a93b-3c32-44bc-b236-145bf3eaf0d1 ('W0534 - Vergabe über die bewirtschaftete Betreuung am StO Alt Duvenste'): no value found
2026-09-18 15:07:23 DEBUG      REJECT 1a5fb4ca-1e9b-4f2a-8a48-5aa41b557577 ('Planungsunterstützung "SportHub - Sport Campus"'): only 1/3 core criteria matched (need 2) -- missed: cpv, nuts
2026-09-18 15:07:23 DEBUG      REJECT 65fca93d-56c9-4101-a02a-73b8c1242f3f ('Betriebsdienst und Unterhaltungsarbeiten 26-28'): only 0/3 core criteria matched (need 2) -- missed: cpv, nuts, value
2026-09-18 15:07:23 DEBUG      REJECT 475df993-9886-4c9a-9872-fa4bceab29d2 ('Sanitär und Heizung'): no value found
2026-09-18 15:07:23 DEBUG      REJECT 458a64ae-b350-4083-939a-dd45841bdbd5 ('Titel EU Test'): only 1/3 core criteria matched (need 2) -- missed: cpv, nuts
2026-09-18 15:07:23 DEBUG      REJECT d3e44377-f1ba-40a8-8ee3-649a8e7e2fd2 ('Briefdienstleistungen Interner Service Bielefeld'): no value found
2026-09-18 15:07:23 DEBUG      REJECT f89afd16-be6b-4165-ba3f-5b1188cd2bff ('26E20144 - Kaserne Seedorf, Sanierung Abwasseranlagen Kaserne Seedorf,'): only 0/3 core criteria matched (need 2) -- missed: cpv, nuts, value
2026-09-18 15:07:23 DEBUG      REJECT 32cce8ff-98f6-4dcd-a159-43257dbfee14 ('Stadt Spaichingen - Vergabe von Planungsleistungen für den Ersatz-neub'): no value found
2026-09-18 15:07:23 DEBUG      REJECT 598a780b-aa10-4e3a-8288-8f9b57325726 ('26E40251; Heizöllieferung für Liegenschaften des Landes Niedersachsen '): only 0/3 core criteria matched (need 2) -- missed: cpv, nuts, value
2026-09-18 15:07:23 DEBUG      REJECT c385a214-5c22-4cf9-8179-706da702c2ec ('Grundschule Waldschule, Salzgitter-Bad - Putz- und Spachtelarbeiten'): no value found
2026-09-18 15:07:23 DEBUG      REJECT edbad206-7e20-4ae1-87a5-3a0690757de6 ('Wetterfeste Hülle für Schule und Sporthalle Neubau Grundschule Vogelru'): excluded by keyword 'Generalunternehmer'
2026-09-18 15:07:23 DEBUG      REJECT 6459c5a2-fe28-462e-be35-817315345876 ('1/DLII6/VM109 - RV Impfstoff Influenza'): no value found
2026-09-18 15:07:23 DEBUG      REJECT 15989b86-c674-4b37-b955-4b4d47ae335a ('Beschaffung eines Rüstwagens RW  '): no value found
2026-09-18 15:07:23 DEBUG      REJECT 2617342d-b586-4694-9549-0a4013460f96 ('Planungsleistungen BIM NBS Frankfurt-Mannheim, Abschnitt Lorsch bis Ma'): no value found
2026-09-18 15:07:23 DEBUG      REJECT 6886920f-9bd2-45e7-84da-9329ae8801df ('A 40, Ersatzneubau BW Wächtler-, Bredow-, Eckenberg, Fri. Höhe'): no value found
2026-09-18 15:07:23 DEBUG      REJECT 9c13d587-4183-4fb0-9616-562c1cd2bf1a ('K54 Ersatzneubau Brücke über DB - Bendestorfer Str. - Teilfunktionale '): no value found
2026-09-18 15:07:23 DEBUG      REJECT 6716470a-e7fd-4d87-ad6d-f7cb017c91ed ('Überprüfung ortsveränderlicher elektrischer Betriebsmittel an Potsdame'): no value found
2026-09-18 15:07:23 DEBUG      REJECT c20d44c7-3ea3-4952-b0bd-c349d0a44c49 ('Projektträgerschaft zur fachlichen und administrativen Umsetzung der F'): only 0/3 core criteria matched (need 2) -- missed: cpv, nuts, value
2026-09-18 15:07:23 DEBUG      REJECT 8eb47fec-d478-4fb3-be98-ca32e278361a ('Hygienefahrzeug'): no value found
2026-09-18 15:07:23 DEBUG      REJECT cc9839e3-1321-4197-b686-3b0ceb7f61df ('Erweiterung der Martin-Luther-Schule - Metallbauarbeiten Aluminiumfens'): no value found
2026-09-18 15:07:23 DEBUG      REJECT e1308556-3a36-4d47-a766-99135917a2ee ('Erweiterung der Kläranlage Tengern - EMSR-Technik'): no value found
2026-09-18 15:07:23 DEBUG      REJECT 74124064-9d52-4273-a520-36c6d263e513 ('Erw. Gesamtschule Verl; Malerarbeiten Neubau'): no value found
2026-09-18 15:07:23 DEBUG      REJECT 3b17ee6b-fc17-41bf-8247-7ed84b01565a ('Energetische Sanierung Besucherbergwerk und Museum Kleinenbremen - Abb'): no value found
2026-09-18 15:07:23 DEBUG      REJECT 34623dc1-104c-4a0f-ad27-09f8000f8a05 ('Erweiterung der Grundschule Aurach'): no value found
2026-09-18 15:07:23 DEBUG      REJECT bb30c849-d135-4466-adb9-0e9b4a9028ae ('Lieferung eines Hilfeleistungs-Löschgruppenfahrzeuges HLF 10 nach DIN '): no value found
2026-09-18 15:07:23 DEBUG      REJECT 28fd12da-23c4-4cd9-98f2-af65bad28b0c ('Festnetztelekommunikationsdienstleistungen - VoIP '): only 0/3 core criteria matched (need 2) -- missed: cpv, nuts, value
2026-09-18 15:07:23 DEBUG      REJECT a8ebd205-c186-434c-aba9-8ed0f1d67ea6 ('Erweiterung der Kläranlage Tengern - Maschinentechnik Nachklärbecken 2'): no value found
2026-09-18 15:07:23 DEBUG      REJECT 5ed9ed28-3c07-435b-9e51-d0041f30b70a ('Energetische Sanierung Besucherbergwerk und Museum Kleinenbremen - Fen'): no value found
2026-09-18 15:07:23 DEBUG      REJECT d7f8673e-537d-4c8d-b12b-768fc5816bff ('Aufstockung Liebfrauengymnasium, Fachplanung HLSE'): no value found
2026-09-18 15:07:23 DEBUG      REJECT c1c87731-fb91-4680-ae9d-50805c3d94eb ('Wissenschaftliche Begleitung der Förderprogramme Bundesförderung Indus'): no value found
2026-09-18 15:07:23 DEBUG      REJECT ab43c018-a398-4815-a7bb-021925ffa34c ('Stationsbetreuung an den Flugwetterwarten Berlin, Dresden, Erfurt und '): no value found
2026-09-18 15:07:23 DEBUG      REJECT f1910127-4699-426e-a959-b58f0e8cb64e ('Neubau Flutpolder Elster-Luppe-Aue; Generalplanungsleistungen: Landsch'): no value found
2026-09-18 15:07:23 DEBUG      REJECT 2e6f856d-fd61-4273-8f8b-8adab0fd7d2f ('Neubau Kindertagesstätte Hergensweiler - Sonnenschutz'): no value found
2026-09-18 15:07:23 DEBUG      REJECT 6df5a578-3c08-42f8-bbe2-973255dfd8d9 ('Reinigung RWBA AM-LB 2026'): no value found
2026-09-18 15:07:23 DEBUG      REJECT 630cec40-2a6d-461a-8c31-45455b76fb1d ('BLB NRW /NL DO / Schädlingsbekämpfung / verschiedene Liegenschaften / '): only 0/3 core criteria matched (need 2) -- missed: cpv, nuts, value
2026-09-18 15:07:23 DEBUG      REJECT f3caa4f1-1d07-455a-be52-e7f77a08c972 ('Abschluss einer nicht-exklusiven Rabattvereinbarung nach § 130a Abs. 8'): only 1/3 core criteria matched (need 2) -- missed: cpv, nuts
2026-09-18 15:07:23 DEBUG      REJECT 7ef371fe-e25c-48ee-82ce-1779a0168e31 ('Außenanlagen, Geländebearbeitung'): no value found
2026-09-18 15:07:23 DEBUG      REJECT 39ce80d8-6d2b-4282-9ee7-2a41fe6612a5 ('Erweiterung Grundschulcampus Wildau - Los 13 - Heizung, Sanitär'): no value found
2026-09-18 15:07:23 DEBUG      REJECT ad8c64c6-fe6a-485e-9700-f4e1bb644a8c ('Business- / Präsentationsprojektoren'): no value found
2026-09-18 15:07:23 DEBUG      REJECT 6b22d6a4-5b12-47ce-8301-cc199f0877b6 ('Logistikdienstleistung für OP Instrumente RoMed\n'): only 1/3 core criteria matched (need 2) -- missed: cpv, nuts
2026-09-18 15:07:23 DEBUG      REJECT 222801b5-ecfd-44c6-9bd1-f4624ded3631 ('Rahmenvertrag über Testdienstleistungen 2026'): no value found
2026-09-18 15:07:23 DEBUG      REJECT a54a99ad-53c7-42fa-819a-febae5388964 ('Vergabeverfahren von Prüfdienstleistungen für Kostenvoranschläge und P'): only 0/3 core criteria matched (need 2) -- missed: cpv, nuts, value
2026-09-18 15:07:23 DEBUG      REJECT dd7b08f6-06bf-4279-a030-dc2f7dd14e95 ('Entleerung Sammelautomaten und Verwertung der erfassten Altspeiseöle'): no value found
2026-09-18 15:07:23 DEBUG      REJECT 18c267d4-f5ed-4cd0-a0de-ee30241e0412 ('Überlassung der Software Zeus eXperience'): only 1/3 core criteria matched (need 2) -- missed: cpv, nuts
2026-09-18 15:07:23 DEBUG      REJECT 85d681b7-1064-49e2-8c8a-77f21436f868 ('Umbau ESTW-Z Simis C Oberhausen-Osterfeld'): no value found
2026-09-18 15:07:23 DEBUG      REJECT 507d615d-a929-4afa-94a9-c82d71041ee6 ('Bundesstadt Bonn, Schülerbeförderung 2026-2027 - nicht planbare Fahrte'): no value found
2026-09-18 15:07:23 DEBUG      REJECT 0124db91-d1f9-43ae-a85d-e1bd09297371 ('Objektplanung Gebäude und Innenräume gem. Teil 3, Abschnitt 1 HOAI 201'): no value found
2026-09-18 15:07:23 DEBUG      REJECT 1568a10d-3e68-48ae-a7fc-69741a9fee69 ('Regierung Oberpfalz - Sanierung Gebäude A und F'): no value found
2026-09-18 15:07:23 DEBUG      REJECT 7e7b165d-4931-41f8-a5c0-9dfa37db2518 ('Los Heizung, Lüftung Sanitär (HLS) gemäß § 53 bis § 56 HOAI, Anlage 15'): no value found
2026-09-18 15:07:23 DEBUG      REJECT 1d0284d8-e61d-4932-bb60-0388a986b6f9 ('Stadt Damme: Neubau Kita Holter Kapelle - Zimmerer- und Dachdeckerarbe'): no value found
2026-09-18 15:07:23 DEBUG      REJECT 5613aba7-41ab-4050-ad48-c11e749566bc ('Dieselsteuerung- Infrastrukturmaßnahmen in Neubauprojekten'): no value found
2026-09-18 15:07:23 DEBUG      REJECT 70bef7f4-cbdb-45c2-a0c4-8d184043e877 ('2025-1004638_Flughafen München_Frühjahrsreinigung Parkhäuser'): no value found
2026-09-18 15:07:23 DEBUG      REJECT a2a5775d-d392-484f-a105-da9e2167032f ('Videokontrollsystem'): excluded by keyword 'Umspannwerk'
2026-09-18 15:07:23 DEBUG      REJECT 68fe40bc-bdb0-4416-b904-2af8c64d6625 ('Treppen für Funkmaste Strecke 6100 Hamburg - Berlin'): no value found
2026-09-18 15:07:23 DEBUG      REJECT e7440e17-5563-4d4c-b588-a2a76e724896 ('HD, Uni, Neubau Life-inspired Engineering Molecular Systems (LEMS), 1.'): only 1/3 core criteria matched (need 2) -- missed: nuts, value
2026-09-18 15:07:23 DEBUG      REJECT 4aa16490-18f1-4395-a428-4fc11754eb69 ('Sanierung und Erweiterung Helene-Lange-Schule,  Wiesbaden'): no value found
2026-09-18 15:07:23 DEBUG      REJECT fb637eec-c570-4631-ad56-9f5e43f65881 ('Servicevertrag Gepäckförderanlage Leitrechner T1'): no value found
2026-09-18 15:07:23 DEBUG      REJECT 59ce24fa-1697-43e3-abbf-4cb0a4356aab ('Lieferung von Perfussoren und Halterungen'): no value found
2026-09-18 15:07:23 DEBUG      REJECT f7814488-e452-4efa-8dbb-675b048fae08 ('Anna-Seghers-Straße - Neubau eines viergeschossigen Wohngebäudes mit K'): only 1/3 core criteria matched (need 2) -- missed: cpv, nuts
2026-09-18 15:07:23 DEBUG      REJECT 2ec72e04-2064-42f6-8201-e65fe2ae832f ('Neubau Leoschule - Dachabdichtungs- und Klempnerarbeiten'): no value found
2026-09-18 15:07:23 DEBUG      REJECT e9203f33-6716-44a7-b578-7d23abed68a1 ('Betrieblich-medizinische Screening-Varianten im Rahmen der Betrieblich'): no value found
2026-09-18 15:07:23 DEBUG      REJECT 7537ba77-9102-4bb6-a23e-407be8ea603f ('26S80017, FlPl Wunstorf, Baul. Voraussetzung zur Aufn. eines PTT, Erwe'): no value found
2026-09-18 15:07:23 DEBUG      REJECT 67d115f8-8c7e-4c29-b909-1a4d3a78c7a2 ('Abschluss eines nicht-exklusiven Rabattvertrages gemäß § 130a Abs. 8 S'): only 1/3 core criteria matched (need 2) -- missed: cpv, nuts
2026-09-18 15:07:23 DEBUG      REJECT ddc7bf0f-0178-4ca1-acde-8e4c89a026ff ('Beschaffung eines mobilen Hochwasserschutzsystems für den Landkreis Do'): no value found
2026-09-18 15:07:23 DEBUG      REJECT df7cd8da-047c-41f6-b721-6f377307d455 ('Truppenübungsplatz Oberl. - Verlegung Schießbahn für Granatmaschinenwa'): no value found
2026-09-18 15:07:23 DEBUG      REJECT a7fc8648-26a6-4f6e-b0b3-90ac72503e54 ('Blackberry UEM Software-Lizenzen KRH'): only 1/3 core criteria matched (need 2) -- missed: cpv, nuts
2026-09-18 15:07:23 DEBUG      REJECT bce6ef2c-83fa-4049-a434-099c7665bbe9 ('10007377-Strategic Environmental and Social Assessment (SESA) of the o'): no value found
2026-09-18 15:07:23 DEBUG      REJECT 92dedb22-675b-42af-a8d4-9c9e74a77fd1 ('Interessenbekundungsverfahren Ökopunkte Geest Binnengewässer (FS)'): no value found
2026-09-18 15:07:23 DEBUG      REJECT 50979403-329b-4898-a5e3-cb09882453e5 ('E-Spule_bis_123kV'): no value found
2026-09-18 15:07:23 DEBUG      REJECT 3a86bd52-85e0-4551-9fb6-c72bcc0e83ed ('Vorgezogene Maßnahmen biologische Verwertungsanlage AWZ Mechernich; hi'): no value found
2026-09-18 15:07:23 DEBUG      REJECT adfff4ac-b26b-4a12-856d-d1724d8939ce ('Baustelleneinrichtung FW Süd'): no value found
2026-09-18 15:07:23 DEBUG      REJECT 95eca57c-68a8-4545-9c3e-fcd59b48dec2 ('Lizenzwartung IBM Cognos Business Intelligence Software-Lizenzen'): no value found
2026-09-18 15:07:23 DEBUG      REJECT c2762fa0-8f81-4fa6-9f46-9ecc22f59396 ('Neustadt am Kulm Sanierung und Erweiterung Kindertagesstätte - HLS'): no value found
2026-09-18 15:07:23 DEBUG      REJECT e5a3e406-5755-4e96-a136-4ae5e1bd7818 ('Konzessionsvergabe Zahnärztliche Mitteilungen (zm)'): only 0/3 core criteria matched (need 2) -- missed: cpv, nuts, value
2026-09-18 15:07:23 DEBUG      REJECT 6ebca5fc-dc94-4c96-8852-8a63c564c20f ('Meteorologische und ozeanographische Messungen und Erstellung eines Be'): no value found
2026-09-18 15:07:23 DEBUG      REJECT 578db103-7cb3-4fab-aa53-2ef4fa3b225f ('POS Süd, PfA 2, Kehl - Appenweier; Elektrische Energieanlagen'): no value found
2026-09-18 15:07:23 DEBUG      REJECT b8386842-470b-42ee-a202-de71dbc847b6 ('Rahmenvereinbarung für quantitative und qualitative Marktforschungsstu'): no value found
2026-09-18 15:07:23 DEBUG      REJECT aa0a55c2-f89f-4bf4-918e-b71b9f9d10d9 ('Reinigungsdienstleistungen Staatliche Schulamt Mittelthüringen und Thü'): only 1/3 core criteria matched (need 2) -- missed: cpv, nuts
2026-09-18 15:07:23 DEBUG      REJECT 61aba71a-9626-47f7-b80b-f26fc23c1568 ('Entwicklung, Pilotierung, Validierung und Reliabilitätsprüfung eines B'): no value found
2026-09-18 15:07:23 DEBUG      REJECT 4c97c212-a70e-47f9-a823-82c2a1a91e9d ('Bundesanstalt für Immobilienaufgaben - Grundsanierung - Abbruch / Scha'): no value found
2026-09-18 15:07:23 DEBUG      REJECT aee4dcde-7a32-4f0b-8a39-01780c3607d6 ('SLUB Interim Haus F'): no value found
2026-09-18 15:07:23 DEBUG      REJECT 63a0dbab-9be7-428f-84ed-bd3616aa646e ('SV-PHE-260914-006 - Externes Communication Center für ein kommunales E'): no value found
2026-09-18 15:07:23 DEBUG      REJECT c66e26fa-7188-42c0-a639-6acabb29a0e7 ('Rahmenvereinbarung Grafik und Druck'): no value found
2026-09-18 15:07:23 DEBUG      REJECT 3b370605-9999-418b-9725-15a6689be5f6 ('Neubau Leoschule - Dachfenster und Sonnenschutz'): excluded by role-hint keyword 'Elektrotechnik'
2026-09-18 15:07:23 DEBUG      REJECT 102bccf8-a966-4bd3-a056-17b000244675 ('Neubau kbo-Inn-Salzach-Klinikum - Errichtung Pflegegebäude BT C + D - '): no value found
2026-09-18 15:07:23 DEBUG      REJECT 89405766-4d32-4ae2-8cc4-b0aacf19a2ec ('Neubau kbo-Inn-Salzach-Klinikum - Errichtung Pflegegebäude BT C + D-10'): no value found
2026-09-18 15:07:23 DEBUG      REJECT 931d516d-ef0c-4140-8e80-e0ec3d4638d2 ('Neubau GS Lerbeck    -    Elektro-Technik'): excluded by role-hint keyword 'Elektroinstallation'
2026-09-18 15:07:23 DEBUG      REJECT 25849c7d-ba5c-460f-8fac-004d92f21eb4 ('16198 Lieferung, Einbau und Inbetriebnahme eines Storage-System HPE Al'): no value found
2026-09-18 15:07:23 DEBUG      REJECT 68acd912-7315-4877-b303-dd858e668aca ('Interessenbekundungsverfahren Ökopunkte Geest Röhrichte (NR)'): no value found
2026-09-18 15:07:23 DEBUG      REJECT ab0ecd01-41d1-4a0e-86fd-392d31431bbe ('Erneuerung des Mail-Gateway-Systems'): no value found
2026-09-18 15:07:23 DEBUG      REJECT ab00a3bd-13ef-4b7c-a707-4a2d27613bf3 ('Interessenbekundungsverfahren Ökopunkte Geest Trocken- und Magerrasen '): no value found
2026-09-18 15:07:23 DEBUG      REJECT 3d7e1921-b3e0-4e9d-a1e5-1e7fc7506085 ('BA II_Abbruch- und Erdarbeiten'): no value found
2026-09-18 15:07:23 DEBUG      REJECT dd9a520d-c8df-4e5c-bcf2-117a23bd74fc ('Neubau kbo-Inn-Salzach-Klinikum - Errichtung Pflegegebäude BT C + D-10'): no value found
2026-09-18 15:07:23 DEBUG      REJECT 68f6b705-6548-4a18-a425-2fa3e0829b64 ('3 Achser LKW mit Aufbauten SM HIP'): no value found
2026-09-18 15:07:23 DEBUG      REJECT 50f917ff-ec13-4ace-8b70-e6517c1ce949 ('GGS Augustastr. Sanierung und Anbau \nhier: Stahlbauarbeiten (Brücke)  '): no value found
2026-09-18 15:07:23 DEBUG      REJECT 72c95476-2937-40b6-8d6b-7f7432ac1d36 ('VST - Core/Aggregation Swichtes für Ausweichsitze Krisenstab und Medie'): no value found
2026-09-18 15:07:23 DEBUG      REJECT 8773a45d-0415-4e1e-aae1-a25003c9508e ('Neustadt am Kulm Sanierung und Erweiterung Kindertagesstätte - Freianl'): no value found
2026-09-18 15:07:23 DEBUG      REJECT fe7326d6-3dc7-4fc3-a8b0-d96c1a1709d3 ('Software-Audit und Pentest der im Rahmen des LaDaDi-ProDi-Projekts ers'): no value found
2026-09-18 15:07:23 DEBUG      REJECT 24d15931-721c-4c69-9bf0-4373e975e5e6 ('Dienstradleasing-Leistungen für die Mitarbeitenden der Stadt Lahr'): no value found
2026-09-18 15:07:23 DEBUG      REJECT d2817d97-bdc8-4438-97ed-3e79962c5402 ('Ingenieurleistungen nach Teil 4 Abschnitt 2 HOAI - ELT'): only 1/3 core criteria matched (need 2) -- missed: cpv, nuts
2026-09-18 15:07:23 DEBUG      REJECT 983c6ee3-69de-407f-845a-36ec339e2009 ('SOC-Testsystem - PR1251693-2270-W'): no value found
2026-09-18 15:07:23 DEBUG      REJECT 235dd995-b949-49bb-9163-4f627e6c515b ('Fassadenarbeiten'): no value found
2026-09-18 15:07:23 DEBUG      REJECT 441811e8-573c-4ba8-a097-fd78cf620800 ('Metallspritzanlage Dessau - 545 - 2. Vergabe'): no value found
2026-09-18 15:07:23 DEBUG      REJECT b391cb39-181d-4728-82cf-6480470a650f ('Erweiterung der Oracle Database Appliances (ODA)'): only 1/3 core criteria matched (need 2) -- missed: cpv, nuts
2026-09-18 15:07:23 DEBUG      REJECT f89bc56a-e0b9-4218-a508-8af75774483d ('Schlosserarbeiten'): no value found
2026-09-18 15:07:23 DEBUG      REJECT eece6f4b-5422-4d5a-bade-d89eebf8bdbe ('TUD, Gerber-Bau Brandschutzmaßnahmen'): excluded by role-hint keyword 'Elektroinstallation'
2026-09-18 15:07:23 DEBUG      REJECT 01a0a5e9-e095-4dc6-8812-a13a6ba9f8bc ('Pflanzenbeschaffung FB Ostharz Frühjahr 2027'): no value found
2026-09-18 15:07:23 DEBUG      REJECT 23ea536c-df0d-4d83-b518-8b087870ebdd ('Elektrifizierung ABS Weimar-Gera-Gößnitz Planungsleistungen Lph 1 und '): no value found
2026-09-18 15:07:23 DEBUG      REJECT aaa92186-be31-4b83-9e3b-4a49a7649884 ('Postdienstleistungen'): no value found
2026-09-18 15:07:23 DEBUG      REJECT c23bbd8e-a26b-46be-8151-2478619cc4e8 ('Mobile 60 kVA Netzersatzanlagen'): no value found
2026-09-18 15:07:23 DEBUG      REJECT 25d2e6c2-5cf0-430d-b4d6-fca7dc517bfa ('Erw. Gesamtschule Verl; Malerarbeiten Neubau'): no value found
2026-09-18 15:07:23 DEBUG      REJECT 1d82829d-0ec1-44ef-9a07-4e0649f48369 ('Los 405: Heizung, Lüftung, Sanitär - Neubau Ärztehaus 2.0 Hansenstraße'): no value found
2026-09-18 15:07:23 DEBUG      REJECT b5cbc68f-e8f1-409f-84d0-f221050fc94c ('BLB NRW DU / JHQ Mönchengladbach / Neubau Unterbringungseinrichtung fü'): excluded by keyword 'Totalunternehmer'
2026-09-18 15:07:23 DEBUG      REJECT fbe0945e-ba30-4d6d-91f6-34f59089db9f ('Leitstellentechnik Feuerwehr Bochum'): no value found
2026-09-18 15:07:23 DEBUG      REJECT 5de9c302-1583-4cf6-98d5-d46862d96d9c ('HL - Winterdienst_ - 2026-ff _AM Bad Oldesloe'): no value found
2026-09-18 15:07:23 DEBUG      REJECT b9ddd65c-24de-4e4a-a96a-7a743f783188 ('Rahmenvertrag Stickstoff LN2 Versorgung 2027-2030 für GSI'): no value found
2026-09-18 15:07:23 DEBUG      REJECT bdc57ac0-012e-45a9-8b46-f439a4d57950 ('Dienstleistungsrahmenvertrag für die Gestellung von Fahrzeugen für den'): only 0/3 core criteria matched (need 2) -- missed: cpv, nuts, value
2026-09-18 15:07:23 DEBUG      REJECT ad12c0ec-7040-4a26-864e-2f6d69b1a2d2 ('Wartung und Instandsetzung Türen auf dem Gelände des UKE Hamburg-Eppen'): no value found
2026-09-18 15:07:23 DEBUG      REJECT 65eb2540-32cd-45e0-b05b-fbbea0085c72 ('ABS Berlin-Dresden, Fortführung 1. Baustufe, PA 2 Umbau Bahnhof Zossen'): no value found
2026-09-18 15:07:23 DEBUG      REJECT 8370ea6f-599d-4744-86ac-3f122d491d30 ('Verhandlungsverfahren ohne Teilnahmewettbewerb'): no value found
2026-09-18 15:07:23 DEBUG      REJECT 884c8cc7-8551-4e60-87df-30dc41736828 ('Dynamisches Beschaffungssystem (EU-weit) zur Vergabe von Planungsleist'): no value found
2026-09-18 15:07:23 DEBUG      REJECT f9cbb614-749f-41d1-ab9d-7903402052de ('Universitätsklinikum Münster - Rahmenvertragsarbeiten 2026 - R46 Rahme'): no value found
2026-09-18 15:07:23 DEBUG      REJECT e1a6e076-ad6b-4048-bc33-62c3ea97597b ('Nds. Staatsbad Pyrmont - FÜRSTENHOF KLINIK Bad Pyrmont - Sanierungs- u'): no value found
2026-09-18 15:07:23 DEBUG      REJECT c4cec5cd-7f63-484f-b675-514a01a83f55 ('Neubau Rathaus Los 24 Photovoltaikanlage'): no value found
2026-09-18 15:07:23 DEBUG      REJECT de0bacfe-d69e-4118-93f2-9c78ca46d04b ('Entsorgung von Sperrmüll am Standort Hannover'): no value found
2026-09-18 15:07:23 DEBUG      REJECT 25832012 ('DNA-Isolation aus Proben von besenderten Wildtieren'): no value found
2026-09-18 15:07:23 DEBUG      REJECT 25832008 ('Lehrsaalmöblierung für Lehrsaalcontainer, HföD'): no value found
2026-09-18 15:07:23 DEBUG      REJECT 25832016 ('Kanalreinigung/-untersuchung Reststoffdeponie 2027'): no value found
2026-09-18 15:07:23 DEBUG      REJECT 25812978 ('Sanierung Wasserspiel Dahlienbecken im egapark Erfurt, Los 2 Tiefbau'): no value found
2026-09-18 15:07:23 DEBUG      REJECT 25822940 ('Tiefbauunterhaltungsarbeiten 2027 - 2028'): no value found
2026-09-18 15:07:23 DEBUG      REJECT 25828042 ('Aufwertung Grünzug Hildapromenade - Ausstattungen'): no value found
2026-09-18 15:07:23 DEBUG      REJECT 25828046 ('Lieferung eines Transporters Kastenwagen für die Kreisstraßenmeisterei'): no value found
2026-09-18 15:07:23 DEBUG      REJECT 25828050 ('Paralleles Minibioreaktorsystem'): no value found
2026-09-18 15:07:23 DEBUG      REJECT 25828058 ('Tagung der Fachabteilung Prävention der Region Süd [140-2026]'): no value found
2026-09-18 15:07:23 DEBUG      REJECT 25828062 ('Umsetzung des Klimaanpassungkonzeptes des Maria Anna Hauses, Lengerich'): no value found
2026-09-18 15:07:23 DEBUG      REJECT 25828066 ('Planungsleistungen für die Untersuchung und die Erstellung eines Gutac'): no value found
2026-09-18 15:07:23 DEBUG      REJECT 25828070 ('Neubau von 2 Mehrfamilienhäuser mit jeweils 12 Wohneinheiten'): no value found
2026-09-18 15:07:23 DEBUG      REJECT 25828074 ('Neubau von 2 Mehrfamilienhäuser mit jeweils 12 Wohneinheiten'): no value found
2026-09-18 15:07:23 DEBUG      REJECT 25822844 ('ST 26032 Orientierende Untersuchung und Bewertung von vierzehn PFAS-Ve'): no value found
2026-09-18 15:07:23 DEBUG      REJECT 25828078 ('Neubau von 2 Mehrfamilienhäuser mit jeweils 12 Wohneinheiten'): excluded by role-hint keyword 'Elektroinstallation'
2026-09-18 15:07:23 DEBUG      REJECT 25828082 ('Kinderspielplatz Von-Lilien-Straße - Multisportanlage, Umgestaltung Te'): no value found
2026-09-18 15:07:23 DEBUG      REJECT 25828086 ('Neubau von 2 Mehrfamilienhäuser mit jeweils 12 Wohneinheiten'): no value found
2026-09-18 15:07:23 DEBUG      REJECT 25828090 ('Entschlammung Gondelteich Norderney'): no value found
2026-09-18 15:07:23 DEBUG      REJECT 25828094 ('Lieferung eines POC-Ultraschalldiagnosegerät inkl. Sonden für den Eins'): no value found
2026-09-18 15:07:23 DEBUG      REJECT 25828098 ('Neubau Trinkwasserleitung Tüzen'): no value found
2026-09-18 15:07:23 DEBUG      REJECT 25828106 ('Beschaffung 1 e-Transporter Kastenwagen'): no value found
2026-09-18 15:07:23 DEBUG      REJECT 25828110 ('LuM Außenanlagen Kommunikationstechnik Betriebshof Ruhrallee, Essen'): no value found
2026-09-18 15:07:23 DEBUG      REJECT 25828114 ('Erneuerung BHKW Kläranlage Immenstaad'): excluded by role-hint keyword 'Elektrotechnik'
2026-09-18 15:07:23 DEBUG      REJECT 25828118 ('Neubau eines Pumptracks, Skatebowls und Streetballanlage in Ronnenberg'): no value found
2026-09-18 15:07:23 DEBUG      REJECT 25828122 ('Unterhaltsreinigung 01.12.2026 – 30.11.2028'): no value found
2026-09-18 15:07:23 DEBUG      REJECT 25828126 ('Beschaffung von gebietsheimischem Saatgut'): no value found
2026-09-18 15:07:23 DEBUG      REJECT 25828130 ('DLR Standort Oberpfaffenhofen - Kesselhaus Geb. 113 - Schlosserarbeite'): no value found
2026-09-18 15:07:23 DEBUG      REJECT 25828134 ('Lieferung von OP-Hockern für die Helios Klinikum Berlin-Buch GmbH'): no value found
2026-09-18 15:07:23 DEBUG      REJECT 25825340 ('ST 26032 Orientierende Untersuchung und Bewertung von vierzehn PFAS-Ve'): no value found
2026-09-18 15:07:23 DEBUG      REJECT 25830996 ('Tiefbauunterhaltungsarbeiten 2027 - 2028'): no value found
2026-09-18 15:07:23 DEBUG      REJECT 25831000 ('Aufwertung Grünzug Hildapromenade - Ausstattungen'): no value found
2026-09-18 15:07:23 DEBUG      REJECT 25831004 ('Lieferung eines Transporters Kastenwagen für die Kreisstraßenmeisterei'): no value found
2026-09-18 15:07:23 DEBUG      REJECT 25830992 ('Sanierung Wasserspiel Dahlienbecken im egapark Erfurt, Los 2 Tiefbau'): no value found
2026-09-18 15:07:23 DEBUG      REJECT 25831008 ('Paralleles Minibioreaktorsystem'): no value found
2026-09-18 15:07:23 DEBUG      REJECT 25831012 ('Tagung der Fachabteilung Prävention der Region Süd [140-2026]'): no value found
2026-09-18 15:07:23 DEBUG      REJECT 25831016 ('Umsetzung des Klimaanpassungkonzeptes des Maria Anna Hauses, Lengerich'): no value found
2026-09-18 15:07:23 DEBUG      REJECT 25831020 ('Planungsleistungen für die Untersuchung und die Erstellung eines Gutac'): no value found
2026-09-18 15:07:23 DEBUG      REJECT 25831024 ('Neubau von 2 Mehrfamilienhäuser mit jeweils 12 Wohneinheiten'): no value found
2026-09-18 15:07:23 DEBUG      REJECT 25831028 ('Neubau von 2 Mehrfamilienhäuser mit jeweils 12 Wohneinheiten'): no value found
2026-09-18 15:07:23 DEBUG      REJECT 25831032 ('Neubau von 2 Mehrfamilienhäuser mit jeweils 12 Wohneinheiten'): excluded by role-hint keyword 'Elektroinstallation'
2026-09-18 15:07:23 DEBUG      REJECT 25831036 ('Kinderspielplatz Von-Lilien-Straße - Multisportanlage, Umgestaltung Te'): no value found
2026-09-18 15:07:23 DEBUG      REJECT 25831040 ('Neubau von 2 Mehrfamilienhäuser mit jeweils 12 Wohneinheiten'): no value found
2026-09-18 15:07:23 DEBUG      REJECT 25831044 ('Entschlammung Gondelteich Norderney'): no value found
2026-09-18 15:07:23 DEBUG      REJECT 25831048 ('Lieferung eines POC-Ultraschalldiagnosegerät inkl. Sonden für den Eins'): no value found
2026-09-18 15:07:23 DEBUG      REJECT 25831052 ('Neubau Trinkwasserleitung Tüzen'): no value found
2026-09-18 15:07:23 DEBUG      REJECT 25831060 ('Beschaffung 1 e-Transporter Kastenwagen'): no value found
2026-09-18 15:07:23 DEBUG      REJECT 25831064 ('LuM Außenanlagen Kommunikationstechnik Betriebshof Ruhrallee, Essen'): no value found
2026-09-18 15:07:23 DEBUG      REJECT 25831068 ('Erneuerung BHKW Kläranlage Immenstaad'): excluded by role-hint keyword 'Elektrotechnik'
2026-09-18 15:07:23 DEBUG      REJECT 25831072 ('Neubau eines Pumptracks, Skatebowls und Streetballanlage in Ronnenberg'): no value found
2026-09-18 15:07:23 DEBUG      REJECT 25831076 ('Unterhaltsreinigung 01.12.2026 ? 30.11.2028'): no value found
2026-09-18 15:07:23 DEBUG      REJECT 25831080 ('Beschaffung von gebietsheimischem Saatgut'): no value found
2026-09-18 15:07:23 DEBUG      REJECT 25831084 ('DLR Standort Oberpfaffenhofen - Kesselhaus Geb. 113 - Schlosserarbeite'): no value found
2026-09-18 15:07:23 DEBUG      REJECT 25831088 ('Lieferung von OP-Hockern für die Helios Klinikum Berlin-Buch GmbH'): no value found
2026-09-18 15:07:23 DEBUG      REJECT 25831722 ('PAST 650_26 Samsung Tonerkartuschen'): no value found
2026-09-18 15:07:23 DEBUG      REJECT 25831778 ('Holzinnentueren mit Stahlzargen'): no value found
2026-09-18 15:07:23 DEBUG      REJECT 25831786 ('EMSR-Technik'): no value found
2026-09-18 15:07:23 DEBUG      REJECT 25831790 ('Dachabdichtung-, und Dachbegruenungsarbeiten'): no value found
2026-09-18 15:07:23 DEBUG      REJECT 25831798 ('Estricharbeiten'): no value found
2026-09-18 15:07:23 DEBUG      REJECT 25828634 ('DGZ Graustein - Los 25 - Sonnenschutz'): no value found
2026-09-18 15:07:23 DEBUG      REJECT 25832122 ('Lieferung Stahlbau und Fassade für für den Neubau der Klinker-Bahnverl'): no value found
2026-09-18 15:07:23 DEBUG      REJECT 25828486 ('Erstellen von Feuerwehrplänen und Flucht- und Rettungsplänen (BSD) für'): no value found
2026-09-18 15:07:23 DEBUG      REJECT 25831352 ('Kläranlage Schwanenstraße: Planungsleistungen für die Betonsanierung'): no value found
2026-09-18 15:07:23 DEBUG      REJECT 25831818 ('Vergebener Auftrag: Bomann Museum Biedermeier Haus Fassadensanierung-D'): no value found
2026-09-18 15:07:23 DEBUG      REJECT 25827630 ('Entsorgung von Straßenkehricht 2026'): no value found
2026-09-18 15:07:23 DEBUG      REJECT 25757646 ('Berliner Stadtwerke, Kammergericht Elßholzstraße - Erneuerung Gebäudel'): no value found
2026-09-18 15:07:23 DEBUG      REJECT 25773752 ('Niederspannungsverteiler (NS-Schaltanlagen, 630 A) inkl. Anschluss und'): no value found
2026-09-18 15:07:23 DEBUG      REJECT 25831328 ('Heizungsinstallation am Neubau der Rettungswache Gellinghausen'): no value found
2026-09-18 15:07:23 DEBUG      REJECT 25831552 ('Rahmenvertrag Website-Relaunch und Markenrollout der Universität Trier'): no value found
2026-09-18 15:07:23 DEBUG      REJECT 25828654 ('Kita Rinnthal - Elektroinstallation'): excluded by role-hint keyword 'Elektroinstallation'
2026-09-18 15:07:23 DEBUG      REJECT 25829052 ('Unterstützung bei Architektur, technischer Umsetzung und Betriebsbegle'): no value found
2026-09-18 15:07:23 DEBUG      REJECT 25828482 ('studierendenWERK BERLIN WH Danckelmannstr., Instandsetzung/Umbau der S'): no value found
2026-09-18 15:07:23 DEBUG      REJECT 25828630 ('DGZ Graustein - Los 17 - Innentüren'): no value found
2026-09-18 15:07:23 DEBUG      REJECT 25829048 ('RES - Neubau Zoorestaurant Zoo Frankfurt, Vergabe Gerüstbauarbeiten'): no value found
2026-09-18 15:07:23 DEBUG      REJECT 25828446 ('Materialausschreibung HW Fössestraße'): no value found
2026-09-18 15:07:23 DEBUG      REJECT 25831498 ('Fachplanung Laborgebäude Heliumverflüssigung'): no value found
2026-09-18 15:07:23 DEBUG      REJECT 25827654 ('WW Wuhlheide, Opt. Reinwasserförd. u. Nb. UV-Anlage, VP 2 UV-Anlage'): no value found
2026-09-18 15:07:23 DEBUG      REJECT 25830986 ('Lieferung von LED-Außenbeleuchtung - Bauhof und Mühlenscheune in der G'): no value found
2026-09-18 15:07:23 DEBUG      REJECT 25828626 ('Kindermann Touchdisplay TD-1255 + passenden Standfuß'): no value found
2026-09-18 15:07:23 DEBUG      REJECT 25831746 ('Vergebener Auftrag: PolBln 308_26 Fingerabdruckscanner'): no value found
2026-09-18 15:07:23 DEBUG      REJECT 25828618 ('Lieferleitung Retrofit Netzleittechnik (Optionen)'): no value found
2026-09-18 15:07:23 DEBUG      REJECT 25829020 ('Trennwandanlagen'): no value found
2026-09-18 15:07:23 DEBUG      REJECT 25748124 ('212527_66142 Dachsanierung_Wasserwerk Kaulsdorf-Dachabdichtungs-, Klem'): no value found
2026-09-18 15:07:23 DEBUG      REJECT 25828640 ('Rahmenvereinbarung über die Lieferung von Schutzwesten inkl. Zubehörta'): no value found
2026-09-18 15:07:23 DEBUG      REJECT 25829016 ('A65, Umrüstung FRS AM RUH 2026 und APD Deidesheim'): no value found
2026-09-18 15:07:23 DEBUG      REJECT 25829012 ('A65, Umrüstung FRS AM RUH 2026 und APD Deidesheim, Verkehrssicherung'): no value found
2026-09-18 15:07:23 DEBUG      REJECT 25828610 ('Wartung Laborgasanlagen'): no value found
2026-09-18 15:07:23 DEBUG      REJECT 25831562 ('26/2005 (LBB NL Diez) VG Bad Ems, Nassau, Montabaur / Nieder-/Mittelsp'): no value found
2026-09-18 15:07:23 DEBUG      REJECT 25829008 ('Empfang und Bewachung 2027'): no value found
2026-09-18 15:07:23 DEBUG      REJECT 25831962 ('Ern. zwei Stützwände in Feldafing, Strecke 5504, km 34,970 bis 35,180'): no value found
2026-09-18 15:07:23 DEBUG      REJECT 25829004 ('Mobile Wände'): no value found
2026-09-18 15:07:23 DEBUG      REJECT 25828602 ('Maschineller Holzeinschlag in Selbstwerbung im Kommunalwald der Stadt '): no value found
2026-09-18 15:07:23 DEBUG      REJECT 25831308 ('Lieferung eines Messestandes mit Einbindung der grafischen Elemente fü'): no value found
2026-09-18 15:07:23 DEBUG      REJECT 25830982 ('ASS_Cloppenburg_Ausstattung_Lehrerzimmer'): no value found
2026-09-18 15:07:23 DEBUG      REJECT 25829000 ('Beschaffung von 2 Kolonnenfahrzeugen'): no value found
2026-09-18 15:07:23 DEBUG      REJECT 25831108 ('B42 Oestrich-Winkel-Sanierung von Pumpenanlagen in Hessen'): excluded by role-hint keyword 'Elektrotechnik'
2026-09-18 15:07:23 DEBUG      REJECT 25828996 ('Innentüren'): no value found
2026-09-18 15:07:23 DEBUG      REJECT 25827650 ('Rahmenvertrag Reparaturen Funkgeräte'): no value found
2026-09-18 15:07:23 DEBUG      REJECT 25828598 ('Erweiterung der Elektroversorgung - Errichtung einer USV-Anlage und Kl'): no value found
2026-09-18 15:07:23 DEBUG      REJECT 25827646 ('Reinigungsdienstleistungen Prüfbüro Würzburg'): no value found
2026-09-18 15:07:23 DEBUG      REJECT 25828004 ('Universeller Messverstärker zur Erfassung analoger Messsignale im Labo'): no value found
2026-09-18 15:07:23 DEBUG      REJECT 25827812 ('Transparenzbekanntmachung'): no value found
2026-09-18 15:07:23 DEBUG      REJECT 25830978 ('Vereinshaus - Photovoltaikanlage'): no value found
2026-09-18 15:07:23 DEBUG      REJECT 25828674 ('Glove Box - Uganda'): no value found
2026-09-18 15:07:23 DEBUG      REJECT 25828410 ('Kühl-, Tiefkühl- und Brutschränke, Sicherheitswerkbänke'): no value found
2026-09-18 15:07:23 DEBUG      REJECT 25831490 ('Medizinischer Cobot'): no value found
2026-09-18 15:07:23 DEBUG      REJECT 25828992 ('Neubau Mehrfamilienhäuser Wieslocher Straße, Stahlblechtüren'): no value found
2026-09-18 15:07:23 DEBUG      REJECT 25828988 ('Brandschutzfenster und -türen'): no value found
2026-09-18 15:07:23 DEBUG      REJECT 25828454 ('Tagespflege - Einbau / Sonderanfertigungen'): no value found
2026-09-18 15:07:23 DEBUG      REJECT 25827808 ('Sonderbau Möbeltischler und Ausstattung / Umgestaltung Stadtbibliothek'): no value found
2026-09-18 15:07:23 DEBUG      REJECT 25827804 ('Teilortskanal OT Neumolis Gemeinde Käbschütztal'): no value found
2026-09-18 15:07:23 DEBUG      REJECT 25831378 ('Rohbauarbeiten Aufstockung und Aufzug MSS Hürth'): no value found
2026-09-18 15:07:23 DEBUG      REJECT 25831486 ('Universitätsklinikum Münster - 3830_26_1231 E01 Brandschutz und Sanier'): no value found
2026-09-18 15:07:23 DEBUG      REJECT 25828984 ('Lieferung Rippenplatten RpF für Führungsschiene, U6 Dammsanierung'): no value found
2026-09-18 15:07:23 DEBUG      REJECT 25828590 ('Lieferung & Aufstellung von 40 Kissensteinen HFH'): no value found
2026-09-18 15:07:23 DEBUG      REJECT 25764014 ('A65, Erneuerung der Beleuchtungsanlage in Trog Landau'): no value found
2026-09-18 15:07:23 DEBUG      REJECT 25828506 ('Lieferung Storage mit Open-E JovianDSS'): no value found
2026-09-18 15:07:23 DEBUG      REJECT 25826300 ('Beschaffung von mobilen BYOD-Videokonferenzanlagen'): no value found
2026-09-18 15:07:23 DEBUG      REJECT 25828474 ('iRMa - integriertes Regenwassermanagement Flensburg, Aufbau und Betrie'): no value found
2026-09-18 15:07:23 DEBUG      REJECT 25832138 ('Kreisstraße LA 26, Umgehung Ergolding'): no value found
2026-09-18 15:07:23 DEBUG      REJECT 25827996 ('Konzeption, Gestaltung, Fertigung und Montage einer Outdoor Exhibition'): no value found
2026-09-18 15:07:23 DEBUG      REJECT 25827992 ('Heizung Lüftung Sanitär'): no value found
2026-09-18 15:07:23 DEBUG      REJECT 25827800 ('Transparenzbekanntmachung_FM Teicha, Errichtung Durchfahrtsgarage - St'): no value found
2026-09-18 15:07:23 DEBUG      REJECT 25828980 ('A 44, TB Bergshausen - Herstellung Probekörper'): no value found
2026-09-18 15:07:23 DEBUG      REJECT 25831946 ('Bauliche Verbesserung Georgswerder Bogen 9'): no value found
2026-09-18 15:07:23 DEBUG      REJECT 25828470 ('Neubau eines Feuerwehrgeräte- und Dorfgemeinschaftshauses - Gemeinde O'): no value found
2026-09-18 15:07:23 DEBUG      REJECT 25828462 ('Landeshauptstadt Schwerin - Leasing eines Elektro-Neuwagens für die Po'): no value found
2026-09-18 15:07:23 DEBUG      REJECT 25828976 ('Franz-Böhm-Schule, Landschaftsbau'): no value found
2026-09-18 15:07:23 DEBUG      REJECT 25828972 ('A7, Bohraufschlüsse für Baugrundgutachten, Bauwerk 152'): no value found
2026-09-18 15:07:23 DEBUG      REJECT 25828968 ('A650 FDI zw. AK Ludwigshafen und Oggersheimer Kreuz -  Fachlos Markier'): no value found
2026-09-18 15:07:23 DEBUG      REJECT 25832208 ('LVR Klinik Köln Instandhaltung Aufzugsanlagen'): no value found
2026-09-18 15:07:23 DEBUG      REJECT 25827796 ('Haus 30 Ausbau DG, Los 5 Dachdecker'): no value found
2026-09-18 15:07:23 DEBUG      REJECT 25827792 ('CLL Stickstoffversorgung'): no value found
2026-09-18 15:07:23 DEBUG      REJECT 25828586 ('Verlängerung Hard- / Software-Support für Dell Data Domain Systeme'): no value found
2026-09-18 15:07:23 DEBUG      REJECT 25831984 ('Deckenbau 2026'): no value found
2026-09-18 15:07:23 DEBUG      REJECT 25828964 ('CO²-Footprint'): no value found
2026-09-18 15:07:23 DEBUG      REJECT 25832174 ('47311 Med.-Gase'): no value found
2026-09-18 15:07:23 DEBUG      REJECT 25828960 ('Neubau Kindergarten Sandhofen'): no value found
2026-09-18 15:07:23 DEBUG      REJECT 25828816 ('Austausch Sichttrübungsmessgeräte Elbtunnel A7'): no value found
2026-09-18 15:07:23 DEBUG      REJECT 25831128 ('B43_HID18715_UEF_Ast_zur K202_Bischofsheim - Behelfsbrücke'): no value found
2026-09-18 15:07:23 DEBUG      REJECT 25828956 ('Aufbau und Betrieb eines provis. LF-Abscheiders'): no value found
2026-09-18 15:07:23 DEBUG      REJECT 25828582 ('Erneuerung Medientechnik/Mikrofonanlage im Haus der Brandenburgischen '): no value found
2026-09-18 15:07:23 DEBUG      REJECT 25828382 ('Rahmenvereinbarung für Reisedienstleistungen'): no value found
2026-09-18 15:07:23 DEBUG      REJECT 25831284 ('Schulzentrum Telgte - Landschaftsbauarbeiten'): no value found
2026-09-18 15:07:23 DEBUG      REJECT 25831698 ('Vergebener Auftrag: Sanierung Zur Mühle - Straßen- und Spezialtiefbaua'): no value found
2026-09-18 15:07:23 DEBUG      REJECT 25831988 ('Sanierung Radweg RDE'): no value found
2026-09-18 15:07:23 DEBUG      REJECT 25831996 ('Haus Freudenberg Förderschule - Heizung, Sanitär, Lüftung'): no value found
2026-09-18 15:07:23 DEBUG      REJECT 25831934 ('Modernisierung Steuerelektronik Elektronenmikroskop Institut für Physi'): no value found
2026-09-18 15:07:23 DEBUG      REJECT 25831292 ('Schmutzfängerreinigung'): no value found
2026-09-18 15:07:23 DEBUG      REJECT 25828952 ('Optical Microphone (EMFT-07.4 )'): no value found
2026-09-18 15:07:23 DEBUG      REJECT 25831538 ('Sanierung Gasbodenfackel - Korrosionsschutzarbeiten / Betoninstandsetz'): no value found
2026-09-18 15:07:23 DEBUG      REJECT 25828264 ('Rahmenvertrag über die Lieferung von Zulassungsbescheinigung und Plake'): no value found
2026-09-18 15:07:23 DEBUG      REJECT 25831226 ('Beschaffung Abrollbehälter Hygiene für die Feuerwehr Schwetzingen'): no value found
2026-09-18 15:07:23 DEBUG      REJECT 25828260 ('26B20122 - Nato - Marinefliegerstützpunkt Nordholz, Sanierung Mun. - L'): no value found
2026-09-18 15:07:23 DEBUG      REJECT 25828578 ('Prüfung ortsveränderlicher elektrischer Betriebsmittel'): no value found
2026-09-18 15:07:23 DEBUG      REJECT 25831930 ('KAUF 1x Elektro-Verkehrssteuerungswagen  Ersatz H-HV 650'): no value found
2026-09-18 15:07:23 DEBUG      REJECT 25828948 ('Beschaffung Abrollbehälter Hygiene für die Feuerwehr Schwetzingen'): no value found
2026-09-18 15:07:23 DEBUG      REJECT 25828944 ('Gehölzpflege AM HBG 2027'): no value found
2026-09-18 15:07:23 DEBUG      REJECT 25738370 ('Containerdienste/Entsorgungstransporte - Technische Universität Dresde'): no value found
2026-09-18 15:07:23 DEBUG      REJECT 25828940 ('A81, RKB Harthauser Tal - Bau Retentionsbodenfilter'): no value found
2026-09-18 15:07:23 DEBUG      REJECT 25827788 ('Transparenzbekanntmachung'): no value found
2026-09-18 15:07:23 DEBUG      REJECT 25831394 ('Sanierung Wirtschaftswege'): no value found
2026-09-18 15:07:23 DEBUG      REJECT 25828256 ('26B20143 - MunLgr Zetel, Sanierung Blitzschutzanlagen, Stahlbauarbeite'): no value found
2026-09-18 15:07:23 DEBUG      REJECT 25831992 ('Sanierung und Erweiterung der Grundschule Bremervörde - Aufzuganlage'): no value found
2026-09-18 15:07:23 DEBUG      REJECT 25832000 ('Haus Freudenberg Förderschule-Aufstockung Schulgeb.-Estricharbeiten'): no value found
2026-09-18 15:07:23 DEBUG      REJECT 25827984 ('Los 47 - PV-Anlage'): no value found
2026-09-18 15:07:23 DEBUG      REJECT 25827784 ('Neugestaltung des Außenbereichs Teilabschnitt A'): no value found
2026-09-18 15:07:23 DEBUG      REJECT 25827780 ('Ausschreibung Dienstleistung: Detektion vorhandener forstlicher Feiner'): no value found
2026-09-18 15:07:23 DEBUG      REJECT 25828248 ('26B80126, BU BImA Clausewitz-Kaserne Nienburg/Lgd., 1433140035 - Geb. '): excluded by role-hint keyword 'Elektroinstallation'
2026-09-18 15:07:23 DEBUG      REJECT 25828252 ('Schulmittagessen am Hölty-Gymnasium, 5. und 6. Jahrgang'): no value found
2026-09-18 15:07:23 DEBUG      REJECT 25831478 ('CEF Schwarzes Venn, Drainagearbeiten'): no value found
2026-09-18 15:07:23 DEBUG      REJECT 25828936 ('L 360,  Baugrunderkundungen beim Bhf Eyach'): no value found
2026-09-18 15:07:23 DEBUG      REJECT 25828292 ('Universitätsklinikum Freiburg, Erweiterung des Kreißsaals - Baustellen'): no value found
2026-09-18 15:07:23 DEBUG      REJECT 25828932 ('Needle Hydrophone (EMFT-07.3)'): no value found
2026-09-18 15:07:23 DEBUG      REJECT 25828150 ('AB-Sandsackfüllanlage'): no value found
2026-09-18 15:07:23 DEBUG      REJECT 25828574 ('Erstprüfung von Störmeldungen der Brandmeldezentralen inkl. Brandwache'): no value found
2026-09-18 15:07:23 DEBUG      REJECT 25827824 ('65_ Baumaßnahmen Technische Sammlungen_FL 04 Abbruch von Hofkeller und'): no value found
2026-09-18 15:07:23 DEBUG      REJECT 25828570 ('Rahmenvertrag mit einem EMAS-Umweltgutachter zur Validierung und Begut'): no value found
2026-09-18 15:07:23 DEBUG      REJECT 25831390 ('Ersatzpflanzung Straßenbäume'): no value found
2026-09-18 15:07:23 DEBUG      REJECT 25827634 ('Kanalreinigung, -inspektion, Benebelung'): no value found
2026-09-18 15:07:23 DEBUG      REJECT 25831954 ('Waldbrunn "Umbau und Sanierung des Klosterhofs\'\' - Schlosserarbeiten'): no value found
2026-09-18 15:07:23 DEBUG      REJECT 25831958 ('Haus Freudenberg Förderschule-Sanierung Klassen-Putzarbeiten'): no value found
2026-09-18 15:07:23 DEBUG      REJECT 25831386 ('Maschinenlieferung in 2 Losen'): no value found
2026-09-18 15:07:23 DEBUG      REJECT 25831474 ('Mönchengladbach EAE; Wartung technischer Brandschutzanlagen'): no value found
2026-09-18 15:07:23 DEBUG      REJECT 25831282 ('BLB NRW AC FHR BMÜN Sanierung Haus G/WE1218/40-11-1218-23-003_AC FHR B'): no value found
2026-09-18 15:07:23 DEBUG      REJECT 25828502 ('Catering Erfahrungsaustausch am 30.11.2026'): no value found
2026-09-18 15:07:23 DEBUG      REJECT 25831312 ('Leitungs- und Schachtinspektion'): no value found
2026-09-18 15:07:23 DEBUG      REJECT 25827666 ('Beschafffung Schubmaststapler'): no value found
2026-09-18 15:07:23 DEBUG      REJECT 25771070 ('Grabenräumung 2026-2028'): no value found
2026-09-18 15:07:23 DEBUG      REJECT 25831300 ('Baumpflege in Lüdenscheid in den Jahren 2027-2030'): no value found
2026-09-18 15:07:23 DEBUG      REJECT 25831558 ('B052 ,u. B327 OD Hermeskeil + KVP, DS'): no value found
2026-09-18 15:07:23 DEBUG      REJECT 25828244 ('Umrüstsatz Vegetationsbrand für GW-L Unimog'): no value found
2026-09-18 15:07:23 DEBUG      REJECT 25828008 ('Städtischer Bauhof'): no value found
2026-09-18 15:07:23 DEBUG      REJECT 25827772 ('Sanierung Mehrzweckhalle Eula; Los 1 Bauleistungen'): no value found
2026-09-18 15:07:23 DEBUG      REJECT 25827776 ('Transparenzbekanntmachung Kleinbus'): no value found
2026-09-18 15:07:23 DEBUG      REJECT 25827768 ('Sanierung Mehrzweckhalle Eula; Los 11 Heizung, Lüftung, Sanitär'): no value found
2026-09-18 15:07:23 DEBUG      REJECT 25827764 ('Sanierung Mehrzweckhalle Eula; Los 10 Elektro'): no value found
2026-09-18 15:07:23 DEBUG      REJECT 25830970 ('VOB, TZH Lüneburg, Neubau WZ 2, LV 4501 Blitzschutz- und Erdungsanlage'): no value found
2026-09-18 15:07:23 DEBUG      REJECT 25828458 ('Post- und Kurierdienstleistungen'): no value found
2026-09-18 15:07:23 DEBUG      REJECT 25831938 ('Lieferung von Wetterschutzparka für die Kinderfeuerwehr'): no value found
2026-09-18 15:07:23 DEBUG      REJECT 25832182 ('Umsetzung von ausgesuchten Maßnahmen des Gewässerentwicklungsplans (GE'): no value found
2026-09-18 15:07:23 DEBUG      REJECT 25827976 ('Anschaffung von Schulmöbeln für 5 Schulen im Landkreis Anhalt-Bitterfe'): no value found
2026-09-18 15:07:23 DEBUG      REJECT 25827760 ('Beschaffung eines Universal Robots Cobots (UR10e bzw. UR12e) zum autom'): no value found
2026-09-18 15:07:23 DEBUG      REJECT 25831470 ('Vergabe zu: 1002040229 Geo IP Datenbank TD 42.3'): no value found
2026-09-18 15:07:23 DEBUG      REJECT 25831742 ('Vergebener Auftrag: Dachdeckungs- und Dachabdichtungsarbeiten'): no value found
2026-09-18 15:07:23 DEBUG      REJECT 25831730 ('Vergebener Auftrag: Elektrische Kabel- und Leitungsanlagen in Gebäuden'): no value found
2026-09-18 15:07:23 DEBUG      REJECT 25828402 ('Mobiles Mehrkanal-Ultraschall-Flussmesssystem für ECMO als Stand-Alone'): no value found
2026-09-18 15:07:23 DEBUG      REJECT 25831734 ('Vergebener Auftrag: FOD 40 Sanierung der WC Anlagen im Verwaltungsgebä'): no value found
2026-09-18 15:07:23 DEBUG      REJECT 25831898 ('Data-Storage für Mikroskop RVZ 2026'): no value found
2026-09-18 15:07:23 DEBUG      REJECT 25831266 ('Leuchtentausch 2026'): no value found
2026-09-18 15:07:23 DEBUG      REJECT 25828232 ('LAB BS, Amtshilfe, Errichtung Sicherheitszaunanlage'): no value found
2026-09-18 15:07:23 DEBUG      REJECT 25828442 ('Lebensmoment Baumpflanzung'): no value found
2026-09-18 15:07:23 DEBUG      REJECT 25831738 ('Vergebener Auftrag: FOD 40 - Mangelbehebung trockene Steigleitung'): no value found
2026-09-18 15:07:23 DEBUG      REJECT 25831942 ('E_3150_PR1291703 - Grafikkarte (GPU) RTX Pro 6000 Blackwell (96GB)'): no value found
2026-09-18 15:07:23 DEBUG      REJECT 25828912 ('A81, FBE Irslingen Infrastrecke, Markierung und Wegweisung'): no value found
2026-09-18 15:07:23 DEBUG      REJECT 25828760 ('Erstellung von Fiktiventwürfen EÜ3520 & EÜ3683 PfA Mitte (VE0268) für '): no value found
2026-09-18 15:07:23 DEBUG      REJECT 25827756 ('Transparenzbekanntmachung'): no value found
2026-09-18 15:07:23 DEBUG      REJECT 25831106 ('Baustelleneinrichtung'): no value found
2026-09-18 15:07:23 DEBUG      REJECT 25828224 ('26A70146 - Amtsgericht Holzminden, Karlstraße 15, Optimierung Wärmever'): no value found
2026-09-18 15:07:23 DEBUG      REJECT 25828216 ('Errichtung eines Dirt Track &quot;BeekeTrail&quot;'): no value found
2026-09-18 15:07:23 DEBUG      REJECT 25828366 ('Laminar Flow Werkbänke / Heißlabor'): no value found
2026-09-18 15:07:23 DEBUG      REJECT 25827972 ('Kauf und Lieferung von 50 PC für die Kreisverwaltung Wittenberg'): no value found
2026-09-18 15:07:23 DEBUG      REJECT 25828562 ('Rahmenverträge - Baumpflegemaßnahmen u. Fällungen im Stadtgebiet und d'): no value found
2026-09-18 15:07:23 DEBUG      REJECT 25828566 ('Beschaffung eines Transportfahrzeuges mit 9 Sitzplätzen (8+1)'): no value found
2026-09-18 15:07:23 DEBUG      REJECT 25828636 ('Rahmenvereinbarung über die Psychosoziale Betreuung Suchtkranker'): no value found
2026-09-18 15:07:23 DEBUG      REJECT 25696054 ('A1 - Fachlos FRS und Markierungen DHK Brücke'): no value found
2026-09-18 15:07:23 DEBUG      REJECT 25761330 ('Labormöbel_711-24.01 Umbau Raumgruppe 2.01.016'): no value found
2026-09-18 15:07:23 DEBUG      REJECT 25827968 ('Lichtraumprofilherstellung und Wegemulchen im LFB Sachsen-Anhalt, Fors'): no value found
2026-09-18 15:07:23 DEBUG      REJECT 25828550 ('BOV Stüdenitz- Ausbau Weg 107/2'): no value found
2026-09-18 15:07:23 DEBUG      REJECT 25831894 ('Ersatzneubau EÜ Grabenbrücke km 71,477 Str.6311'): no value found
2026-09-18 15:07:23 DEBUG      REJECT 25828558 ('Halbzeuge aus der Molybdänlegierung TZM'): no value found
2026-09-18 15:07:23 DEBUG      REJECT 25828908 ('Neubau WC-Gebäude inkl. Tiefbauarbeiten'): no value found
2026-09-18 15:07:23 DEBUG      REJECT 25827964 ('Umbau zweier Tennisfelder'): no value found
2026-09-18 15:07:23 DEBUG      REJECT 25827752 ('Beschaffung eines Universal Robots Cobots (UR10e bzw. UR12e) zum autom'): no value found
2026-09-18 15:07:23 DEBUG      REJECT 25828438 ('AGS - 4 eGPUs'): no value found
2026-09-18 15:07:23 DEBUG      REJECT 25831348 ('Anbau GS Stadtfeldmark; Fenster und Außentüren'): no value found
2026-09-18 15:07:23 DEBUG      REJECT 25831296 ('Containergestellung und Entsorgungsdienstleistungen an versch. Standor'): no value found
2026-09-18 15:07:23 DEBUG      REJECT 25828314 ('Neubau HWS Krähenbach BW 90 und 99 in Tuttlingen-Möhringen'): no value found
2026-09-18 15:07:23 DEBUG      REJECT 25828650 ('Karolinenstr. Nr. 3 - Wärmeerzeuger'): no value found
2026-09-18 15:07:23 DEBUG      REJECT 25831332 ('Anbau GS Intrup; Fenster und Außentüren'): no value found
2026-09-18 15:07:23 DEBUG      REJECT 25827662 ('Digitalisierung 2026 (VE)'): no value found
2026-09-18 15:07:23 DEBUG      REJECT 25828208 ('26B30421 - Bundesliegenschaft in Wilhelmshaven; Neubau Dienstgebäude; '): no value found
2026-09-18 15:07:23 DEBUG      REJECT 25831466 ('Beschaffung &quot;Kombiniertes GC-System zur Analyse von Lithium-Ionen'): no value found
2026-09-18 15:07:23 DEBUG      REJECT 25828900 ('A 60-26 Instandh. Murgtalbahn 2027'): no value found
2026-09-18 15:07:23 DEBUG      REJECT 25831922 ('10-25-26-151; Mietung Geschwindigkeitsüberwachungsanlage'): no value found
2026-09-18 15:07:23 DEBUG      REJECT 25831874 ('Big Bag Paletten und Rastkopfständer'): no value found
2026-09-18 15:07:23 DEBUG      REJECT 25831458 ('Rahmenvereinbarung Bodenbelagsarbeiten StLB-BauZ LB 665, StLB-BauZ LB '): no value found
2026-09-18 15:07:23 DEBUG      REJECT 25828434 ('Landkreis Ludwigslust-Parchim - Beschaffung 2 Stück Feuchtsalz-Aufsatz'): no value found
2026-09-18 15:07:23 DEBUG      REJECT 25828430 ('Ernst-Abbe-Gymnasium, Photovoltaikanlage: Planungsleistungen'): no value found
2026-09-18 15:07:23 DEBUG      REJECT 25749132 ('Anlagenbau und Maschinentechnik'): no value found
2026-09-18 15:07:23 DEBUG      REJECT 25827748 ('Beschaffung einer Telefonie-Lösung VoIP'): no value found
2026-09-18 15:07:23 DEBUG      REJECT 25831454 ('Lieferung und Aufstellung von zwei Außenfuttersilos für den Geflügelbe'): no value found
2026-09-18 15:07:23 DEBUG      REJECT 25828176 ('26B40262; Nds. Landesmuseum; Teilfassadensanierung und Erneuerung Fens'): no value found
2026-09-18 15:07:23 DEBUG      REJECT 25830962 ('Erneuerung Teilabschnitt Füchteler Straße, Kanal- und Straßenbauarbeit'): no value found
2026-09-18 15:07:23 DEBUG      REJECT 25827744 ('Lieferung eines mobilen Raman-Spektrometers'): no value found
2026-09-18 15:07:23 DEBUG      REJECT 25828892 ('A10 BW13, Aufwuchsentfernungsarbeiten'): no value found
2026-09-18 15:07:23 DEBUG      REJECT 25828422 ('Jahresbauarbeiten im Versorgungsgebiet der Stadtwerke Ludwigsburg-Korn'): no value found
2026-09-18 15:07:23 DEBUG      REJECT 25828418 ('Ordnungsrechtliche Bestattungen'): no value found
2026-09-18 15:07:23 DEBUG      REJECT 25831446 ('UzK, Geb. 130, AWR, Tischlerarbeiten'): no value found
2026-09-18 15:07:23 DEBUG      REJECT 25832198 ('Fachkrankenhaus für Psychiatrie und Neurologie Altsch.,Haus 16,Probewo'): excluded by role-hint keyword 'Elektroinstallation'
2026-09-18 15:07:23 DEBUG      REJECT 25828888 ('A3_A5_Erneuerung WWW durch statische Beschilderung Frankfurter Kreuz'): no value found
2026-09-18 15:07:23 DEBUG      REJECT 25828884 ('RV Reparaturarbeiten FRS AM Rottweil 2027/2028'): no value found
2026-09-18 15:07:23 DEBUG      REJECT 25769074 ('Herstellung und Lieferung von 3 Stück 1.6 cell Injektor Cavities nach '): no value found
2026-09-18 15:07:23 DEBUG      REJECT 25831438 ('UzK, Geb. 130, AWR, Elektroarbeiten'): excluded by role-hint keyword 'Elektroarbeiten'
2026-09-18 15:07:23 DEBUG      REJECT 25827856 ('B 98 OU Schönfeld - Los 1.3 vorgezogene Kompensationsmaßnahmen 8.2 A, '): no value found
2026-09-18 15:07:23 DEBUG      REJECT 25831902 ('Neubau eines Betreuungsgebäudes auf dem Gelände der Gartenstadtschule '): no value found
2026-09-18 15:07:23 DEBUG      REJECT 25831906 ('BZ Weingarten Brandschutzsanierung - Elektroarbeiten'): excluded by role-hint keyword 'Elektroarbeiten'
2026-09-18 15:07:23 DEBUG      REJECT 25831910 ('BZ Weingarten - Abbruch- und Rohbauarbeiten'): no value found
2026-09-18 15:07:23 DEBUG      REJECT 25831914 ('IAF Freiburg - RV Reinraumdecken und -wände 91-60000-2050-350'): no value found
2026-09-18 15:07:23 DEBUG      REJECT 25828152 ('Sanierung Kreuzung in Seesen B243/B248'): no value found
2026-09-18 15:07:23 DEBUG      REJECT 25831750 ('Vergebener Auftrag: Abrissarbeiten'): no value found
2026-09-18 15:07:23 DEBUG      REJECT 25827658 ('Lieferung eines Transporters, geschlossener Kasten, Allrad für die Pol'): no value found
2026-09-18 15:07:23 DEBUG      REJECT 25827820 ('SKDD_3D-C-Bogen mit DSA-Funktion'): no value found
2026-09-18 15:07:23 DEBUG      REJECT 25830954 ('Erneuerung Lüftungsanlage'): no value found
2026-09-18 15:07:23 DEBUG      REJECT 25828876 ('Grundwassersanierung Fa. Raschig in Ludwigshafen; Fachgutachterliche B'): no value found
2026-09-18 15:07:23 DEBUG      REJECT 25827956 ('Vorhaben zur Modernisierung der städtischen Außen- und Verkehrsbeleuch'): no value found
2026-09-18 15:07:23 DEBUG      REJECT 25827844 ('Analytisches Ionenchromatographie-Gerät'): no value found
2026-09-18 15:07:23 DEBUG      REJECT 25827740 ('Transparenzbekanntmachung - K 9250 Bordanlage Oberlichtenau'): no value found
2026-09-18 15:07:23 DEBUG      REJECT 25828414 ('Landeshauptstadt Schwerin - Beschaffung eines Einsatzleitwagens ELW 1 '): no value found
2026-09-18 15:07:23 DEBUG      REJECT 25830950 ('Schloss Agathenburg, Instandsetzung Heidefirst Pferdestall'): no value found
2026-09-18 15:07:23 DEBUG      REJECT 25831320 ('Lieferung eines 3,5 t Pritschenwagen mit Doppelkabine'): no value found
2026-09-18 15:07:23 DEBUG      REJECT 25830946 ('Hochgrasmäher 3 Stück'): no value found
2026-09-18 15:07:23 DEBUG      REJECT 25828868 ('Rahmenvertrag: Beseit. Gehölzbest. auf Abruf AS KR Süd'): no value found
2026-09-18 15:07:23 DEBUG      REJECT 25754008 ('OV PDI Wartung Druckluftanlagen'): no value found
2026-09-18 15:07:23 DEBUG      REJECT 25828864 ('Mosaikschule Ludwigshafen; Schwimmbadsanierung, Instandsetzung Schwimm'): no value found
2026-09-18 15:07:23 DEBUG      REJECT 25831116 ('B 47 Punktuelle Schadstellenbeseitigung bei Lindenfels (Teufelsloch) -'): no value found
2026-09-18 15:07:23 DEBUG      REJECT 25828658 ('10021436-Instandhaltung der Kälteanlagen am GIZ-Standort Eschborn'): no value found
2026-09-18 15:07:23 DEBUG      REJECT 25828542 ('Lieferung Mini PC&quot;s für die Stadtverwaltung Wittenberge'): no value found
2026-09-18 15:07:23 DEBUG      REJECT 25827684 ('Anlagentechnik und Blitzschutz für Wärmespeicheranlage HKW Dresdner St'): no value found
2026-09-18 15:07:23 DEBUG      REJECT 25827676 ('SWDD / Zeitvertragsarbeiten in DD & Tharandt'): no value found
2026-09-18 15:07:23 DEBUG      REJECT 25827680 ('Beschaffung einer Innenraumausstattung inklusive Lieferung, Montage un'): no value found
2026-09-18 15:07:23 DEBUG      REJECT 25827672 ('Bustransport Teilnehmer/Instrumente Sinfonieorchesterworkshop + Konzer'): no value found
2026-09-18 15:07:23 DEBUG      REJECT 25725496 ('A2_Los 5_Wildschutzzaun'): no value found
2026-09-18 15:07:23 DEBUG      REJECT 25828200 ('FTZ Northeim - Lieferung Hochdachkombi Logistik'): no value found
2026-09-18 15:07:23 DEBUG      REJECT 25828196 ('Neubau Friedensschule; Bauüberwachung'): no value found
2026-09-18 15:07:23 DEBUG      REJECT 25831434 ('Ersatzbepflanzungen 2026-2030'): no value found
2026-09-18 15:07:23 DEBUG      REJECT 25831112 ('Erneuerung FGÜ 0661-03-2068 Battenberg'): no value found
2026-09-18 15:07:23 DEBUG      REJECT 25831810 ('Vergebener Auftrag: SM Hagenow Kronenpflege Teil 2, L-Straßen'): no value found
2026-09-18 15:07:23 DEBUG      REJECT 25831702 ('Vergebener Auftrag: B299 Entsorgung Erdmassen Harter Holz'): no value found
2026-09-18 15:07:23 DEBUG      REJECT 25827948 ('Kauf von einem Jugendmobil für die Gemeinde Hohe Börde'): no value found
2026-09-18 15:07:23 DEBUG      REJECT 25827944 ('Elektroinstallation Volkspark'): excluded by role-hint keyword 'Elektroinstallation'
2026-09-18 15:07:23 DEBUG      REJECT 25832158 ('Sanitär'): no value found
2026-09-18 15:07:23 DEBUG      REJECT 25832142 ('Estrich'): no value found
2026-09-18 15:07:23 DEBUG      REJECT 25828848 ('Migration USV BG TTO'): no value found
2026-09-18 15:07:23 DEBUG      REJECT 25828012 ('Masterplan Talsperre Bautzen - Erarbeitung eines interkommunalen Entwi'): no value found
2026-09-18 15:07:23 DEBUG      REJECT 25827940 ('Abbruch Autowerkstatt'): no value found
2026-09-18 15:07:23 DEBUG      REJECT 25827932 ('Neubau Regenwasserpumpwerk Dessora'): no value found
2026-09-18 15:07:23 DEBUG      REJECT 25827928 ('Los 45 - Sicherheitstechnik'): no value found
2026-09-18 15:07:23 DEBUG      REJECT 25827924 ('Los 44 - Starkstrom'): no value found
2026-09-18 15:07:23 DEBUG      REJECT 25827868 ('Durchführung Machbarkeitsstudie zur Revitalisierung der Unteren Leinea'): no value found
2026-09-18 15:07:23 DEBUG      REJECT 25828844 ('Grundwassersanierung Fa. Raschig Ludwigshafen; Probenahme und Analytik'): no value found
2026-09-18 15:07:23 DEBUG      REJECT 25828024 ('Erweiterung FÖS Wolmirstedt, Los 30 Elektroinstallation'): excluded by role-hint keyword 'Elektroinstallation'
2026-09-18 15:07:23 DEBUG      REJECT 25827916 ('MUT machen - Motivation, Unterstützung, Training - Merseburg'): no value found
2026-09-18 15:07:23 DEBUG      REJECT 25827912 ('GAP - Gestärkt im Alltag, Perspektiven eröffnen - Querfurt'): no value found
2026-09-18 15:07:23 DEBUG      REJECT 25827908 ('JobChance - Coaching, Praxis, Sprache, Arbeit - Merseburg'): no value found
2026-09-18 15:07:23 DEBUG      REJECT 25827904 ('GAP - Gestärkt im Alltag, Perspektiven eröffnen - Merseburg'): no value found
2026-09-18 15:07:23 DEBUG      REJECT 25827840 ('stereoskopisches Zoommikroskop'): no value found
2026-09-18 15:07:23 DEBUG      REJECT 25827836 ('Digitalmikroskop mit LIBS'): no value found
2026-09-18 15:07:23 DEBUG      REJECT 25827832 ('BSZ für Gesundheit und Sozialwesen / Los - Ausstattung und Montage Hau'): no value found
2026-09-18 15:07:23 DEBUG      REJECT 25827828 ('BSZ für Technik III / Lieferung und Inbetriebnahme Tafelblechschere un'): no value found
2026-09-18 15:07:23 DEBUG      REJECT 25828820 ('Rodung von Teilflächen zur Entfernung invasiver und schnellwachsender '): no value found
2026-09-18 15:07:23 DEBUG      REJECT 25831340 ('Rahmenvereinbarung über die Lieferung von Tellerbesen und Kehrwalzen f'): no value found
2026-09-18 15:07:23 DEBUG      REJECT 25831316 ('Burg Hülshoff; Umbau zum Kulturzentrum- Vorburg; Tischlerarbeiten VE 3'): no value found
2026-09-18 15:07:23 DEBUG      REJECT 25828538 ('Küchenmöbel-Los 60'): no value found
2026-09-18 15:07:23 DEBUG      REJECT 25831194 ('Maler- und Putzarbeiten mit Innendämmung'): no value found
2026-09-18 15:07:23 DEBUG      REJECT 25831222 ('A 60-26 Instandh. Murgtalbahn 2027'): no value found
2026-09-18 15:07:23 DEBUG      REJECT 25831234 ('Neubau Mehrfamilienhäuser Wieslocher Straße, Stahlblechtüren'): no value found
2026-09-18 15:07:23 DEBUG      REJECT 25831238 ('V 41-26 Winterdienst Streckennetz VBK'): no value found
2026-09-18 15:07:23 DEBUG      REJECT 25831242 ('Empfang und Bewachung 2027'): no value found
2026-09-18 15:07:23 DEBUG      REJECT 25831162 ('Leasing von 4 Fahrzeugen'): no value found
2026-09-18 15:07:23 DEBUG      REJECT 25830050 ('Reinigung der Lüftungsgitter'): no value found
2026-09-18 15:07:23 DEBUG      REJECT 25830062 ('Trockenlegung SNH 2026 - Stahlbausanierung Tore'): no value found
2026-09-18 15:07:23 DEBUG      REJECT 25830152 ('Betonsanierung Belebungsbecken'): no value found
2026-09-18 15:07:23 DEBUG      REJECT 25831658 ('Versand der Briefwahlunterlagen fuer die Wahl des Integrationsbeirates'): no value found
2026-09-18 15:07:23 DEBUG      REJECT 25831670 ('Beschaffung einer Flachschleifmaschine'): no value found
2026-09-18 15:07:23 DEBUG      REJECT 25831674 ('Notstromaggregat'): no value found
2026-09-18 15:07:23 DEBUG      REJECT 25831682 ('Thermische Verwertung von getrocknetem und entwaessertem Klaerschlamm'): no value found
2026-09-18 15:07:23 DEBUG      REJECT 25831686 ('Lieferung von WolfVision Cynap Pure'): no value found
2026-09-18 15:07:23 DEBUG      REJECT 25831362 ('Lieferung von Banklatten'): no value found
2026-09-18 15:07:23 DEBUG      REJECT 25831714 ('Daemm- und Brandschutzarbeiten'): no value found
2026-09-18 15:07:23 DEBUG      REJECT 25831718 ('Rahmenvertrag Miet-Sauberlauf-Mattenservice'): no value found
2026-09-18 15:07:23 DEBUG      REJECT 25831726 ('PolBln 369_26 Stereomikroskop mit Peripherie'): no value found
2026-09-18 15:07:23 DEBUG      REJECT 25831806 ('Wirtschaftsweg Pappelallee u. Wiesenstrasse, Bruecke Pappelallee'): no value found
2026-09-18 15:07:23 DEBUG      REJECT 25831762 ('Sanierung der Sprungturmanlage im Freibad des Rothaarbades'): no value found
2026-09-18 15:07:23 DEBUG      REJECT 25831706 ('Inkassodienstleistungen gegenueber wohnenden Mietern'): no value found
2026-09-18 15:07:23 DEBUG      REJECT 25831822 ('Baufeldfreimachung und Erdbau'): no value found
2026-09-18 15:07:23 DEBUG      REJECT 25832278 ('Fixpunktzellen'): no value found
2026-09-18 15:07:23 DEBUG      REJECT 25831550 ('Grünstraße, Fahrbahndeckenerneuerung'): no value found
2026-09-18 15:07:23 DEBUG      REJECT 25832004 ('Abbrucharbeiten und Schadstoffsanierung, Zentrum für Volksmusik, Liter'): excluded by role-hint keyword 'Elektroinstallation'
2026-09-18 15:07:23 DEBUG      REJECT 25828284 ('Lieferung eines gebrauchten Schleppers mit Mähgerät'): no value found
2026-09-18 15:07:23 DEBUG      REJECT 25830990 ('Beratungsleistung für die Beschaffung eines Turmwagens'): no value found
2026-09-18 15:07:23 DEBUG      REJECT 25831246 ('Interimswachgebäude -Ummendorf'): no value found
2026-09-18 15:07:23 DEBUG      REJECT 25831494 ('Tischanlage für den Umbau eines Lesesaals in E0Z01 in einen Sitzungssa'): no value found
2026-09-18 15:07:23 DEBUG      REJECT 25829040 ('Umbau Ofenanlage'): no value found
2026-09-18 15:07:23 DEBUG      REJECT 25831974 ('Kleiderspinde'): no value found
2026-09-18 15:07:23 DEBUG      REJECT 25832186 ('Errichtung einer Gabionen-Stützwand auf Flur Nr. 195, Jahnallee 5'): no value found
2026-09-18 15:07:23 DEBUG      REJECT 25828280 ('26B20022 - Nato - Marinefliegerstützpunkt Nordholz, Anbau Geb. 95B Cro'): no value found
2026-09-18 15:07:23 DEBUG      REJECT 25831966 ('Neubau Integrierte Leitstelle Ortenau, Kommunikations-, sicherheits- u'): no value found
2026-09-18 15:07:23 DEBUG      REJECT 25828622 ('INFORMATIONS- UND KONFERENZTECHNIK'): no value found
2026-09-18 15:07:23 DEBUG      REJECT 25829032 ('Transaktionsmonitor rvDialog openUTM'): no value found
2026-09-18 15:07:23 DEBUG      REJECT 25831336 ('Sporthaus Lieme - Schadstoffsanierung'): no value found
2026-09-18 15:07:23 DEBUG      REJECT 25831324 ('Sporthaus Lieme - Sanierung - Rohbau- und Entwässerngsarbeiten'): no value found
2026-09-18 15:07:23 DEBUG      REJECT 25828614 ('VE 3.16b - Schließanlage (1.BA)'): no value found
2026-09-18 15:07:23 DEBUG      REJECT 25828276 ('26B20106 - Maßregelvollzugszentrum Nds.- LKH Brauel, Umbau Alte Tischl'): no value found
2026-09-18 15:07:23 DEBUG      REJECT 25828272 ('26B20107 - Maßregelvollzugszentrum Nds.- LKH Brauel, Umbau Alte Tischl'): no value found
2026-09-18 15:07:23 DEBUG      REJECT 25828268 ('26B20104 - Maßregelvollzugszentrum Nds.- LKH Brauel, Umbau Alte Tischl'): no value found
2026-09-18 15:07:23 DEBUG      REJECT 25828606 ('VE 3.16a - Schließanlage (2.BA)'): no value found
2026-09-18 15:07:23 DEBUG      REJECT 25828478 ('BV: Schulzenweg Umverlegung Nieder- und Mittelspannung für die SWS'): no value found
2026-09-18 15:07:23 DEBUG      REJECT 25831546 ('Terrassenfriedhof - Gestaltung Kolumbariumanalge III und Kolumbariumfe'): no value found
2026-09-18 15:07:23 DEBUG      REJECT 25832110 ('Landkreis Regensburg: SFZ Regenstauf - Leuchtensanierung, Elektroarbei'): excluded by role-hint keyword 'Elektroinstallation'
2026-09-18 15:07:23 DEBUG      REJECT 25832106 ('Landkreis Regensburg: Realschule Neutraubling - Leuchtensanierung, Ele'): excluded by role-hint keyword 'Elektroinstallation'
2026-09-18 15:07:23 DEBUG      REJECT 25832102 ('Landkreis Regensburg: Gymnasium Lappersdorf - Leuchtensanierung, Elekt'): excluded by role-hint keyword 'Elektroinstallation'
2026-09-18 15:07:23 DEBUG      REJECT 25831274 ('Sanierung der Kobbenthaler Straße - &quot;Planungsleistungen für Verke'): no value found
2026-09-18 15:07:23 DEBUG      REJECT 25828594 ('VE 3.18 Lehrküche, Teeküche'): no value found
2026-09-18 15:07:23 DEBUG      REJECT 25831270 ('Elektrotechnik - Neuköllner Str. 15, Implementierung WBK'): excluded by role-hint keyword 'Elektrotechnik'
2026-09-18 15:07:23 DEBUG      REJECT 25831482 ('164 - Multi IR Kamera Bewegungs-Erfassungssystem'): no value found
2026-09-18 15:07:23 DEBUG      REJECT 25831950 ('A100 Heißer Arm'): no value found
2026-09-18 15:07:23 DEBUG      REJECT 25830974 ('BM - Erweiterung Kita Bakede - WDVS'): no value found
2026-09-18 15:07:23 DEBUG      REJECT 25828670 ('Beratung - Senior Cloud- und Privatsektorexperte'): no value found
2026-09-18 15:07:23 DEBUG      REJECT 25828466 ('Erweiterung Grundschule am Storchennest - Zimmerarbeiten'): no value found
2026-09-18 15:07:23 DEBUG      REJECT 25831230 ('OH_Fensteranstrich Nordfassade + Bürgerhöfle'): no value found
2026-09-18 15:07:23 DEBUG      REJECT 25831542 ('NKF-konforme Folgeinventur kommunaler Außenanlagen der Stadt Marl'): no value found
2026-09-18 15:07:23 DEBUG      REJECT 25831926 ('Pommernstr. 10 - Neubau Schulzentrum Südwest / 2.BA - B3.1317 Anbindun'): no value found
2026-09-18 15:07:23 DEBUG      REJECT 25827980 ('Anschaffung von SEP_QualiBLICK'): no value found
2026-09-18 15:07:23 DEBUG      REJECT 25831918 ('Asphaltarbeiten Radweg K 22 Offleben'): no value found
2026-09-18 15:07:23 DEBUG      REJECT 25828240 ('Baubetrieb Emden / Lieferung eines Kompakttraktors'): no value found
2026-09-18 15:07:23 DEBUG      REJECT 25828920 ('ESK Modulbau Anb. EL'): no value found
2026-09-18 15:07:23 DEBUG      REJECT 25828236 ('Baubetrieb Emden / Lieferung eines Transporters mit E-Antrieb, Einfach'): no value found
2026-09-18 15:07:23 DEBUG      REJECT 25831154 ('Grabenlose Kanalsanierung'): no value found
2026-09-18 15:07:23 DEBUG      REJECT 25831124 ('018701-0000_CPX-Messung_2026'): no value found
2026-09-18 15:07:23 DEBUG      REJECT 25828450 ('Wartungsvertrag für Sicherheitsbeleuchtung Geb. D, L, C4, B, E2 am Sta'): no value found
2026-09-18 15:07:23 DEBUG      REJECT 25828666 ('10031355 - National Cybersecurity Program for the Public Sector - Phas'): no value found
2026-09-18 15:07:23 DEBUG      REJECT 25828228 ('Alleebaumpflanzungen K2, 78, 81, und 86'): no value found
2026-09-18 15:07:23 DEBUG      REJECT 25830966 ('Ausstattung der Pausenhalle der Elisabethschule Vechta - Lieferung von'): no value found
2026-09-18 15:07:23 DEBUG      REJECT 25828220 ('Neubau Sporthaus Meckelfeld - Innenputzarbeiten'): no value found
2026-09-18 15:07:23 DEBUG      REJECT 25828212 ('Baubetrieb Emden / Lieferung eines Transporters mit E-Antrieb, Doppelk'): no value found
2026-09-18 15:07:23 DEBUG      REJECT 25831534 ('Beschaffung von drei Dienstfahrzeugen für den Allgemeinen Sozialdienst'): no value found
2026-09-18 15:07:23 DEBUG      REJECT 25831120 ('LSA-Technik und Steuerung anpassen - Grüne Welle Nr.6a 0663-03-0023 B2'): no value found
2026-09-18 15:07:23 DEBUG      REJECT 25828904 ('Geröllwall Dranske - Baufeldfreimachung'): no value found
2026-09-18 15:07:23 DEBUG      REJECT 25827872 ('Neubau Mehrzweckgebäude in Krauschwitz Los 503 Einfriedung'): no value found
2026-09-18 15:07:23 DEBUG      REJECT 25831886 ('Haus im Blohms Park - HIP, Horner Landstraße 85, 22111 Hamburg'): no value found
2026-09-18 15:07:23 DEBUG      REJECT 25831882 ('Lüftungsarbeiten'): no value found
2026-09-18 15:07:23 DEBUG      REJECT 25828764 ('Vergebener Auftrag gemäß §30 (1) UVgO'): no value found
2026-09-18 15:07:23 DEBUG      REJECT 25831462 ('Tischlerarbeiten für den Umbau eines Lesesaals in E0Z01 in einen Sitzu'): no value found
2026-09-18 15:07:23 DEBUG      REJECT 25831878 ('Entleerung von Fäkaliengruben auf den Friedhöfen Hamburg Ohlsdorf, Vol'): no value found
2026-09-18 15:07:23 DEBUG      REJECT 25828426 ('Abwasser TV-Kanaluntersuchung Gebiet 10'): no value found
2026-09-18 15:07:23 DEBUG      REJECT 25828662 ('10040435 - Durchführung des Exzellenz Programms &quot;Kooperation und '): no value found
2026-09-18 15:07:23 DEBUG      REJECT 25831450 ('172 - Stromdichteverteilungsmessgerät'): no value found
2026-09-18 15:07:23 DEBUG      REJECT 25828204 ('Gebäudemanagement, Berufsbildende Schule Borkum, Sanierung Heizungsanl'): no value found
2026-09-18 15:07:23 DEBUG      REJECT 25831442 ('Medientechnische Einbauten für den Umbau eines Lesesaals in E0Z01 in e'): no value found
2026-09-18 15:07:23 DEBUG      REJECT 25831102 ('BPOL TGA Sanierungskonzept Geb. 512'): no value found
2026-09-18 15:07:23 DEBUG      REJECT 25832114 ('Tiefbauarbeiten'): no value found
2026-09-18 15:07:23 DEBUG      REJECT 25831870 ('Durchlassverrohrung - KIB - Strecke 5851 km 36,795'): no value found
2026-09-18 15:07:23 DEBUG      REJECT 25828546 ('IT Seminare'): no value found
2026-09-18 15:07:23 DEBUG      REJECT 25831866 ('Küchensanierung - Elektroarbeiten'): excluded by role-hint keyword 'Elektroarbeiten'
2026-09-18 15:07:23 DEBUG      REJECT 25831862 ('Beschaffung von schwenk- bzw. versenkbaren Monitoren inkl. Richterbank'): no value found
2026-09-18 15:07:23 DEBUG      REJECT 25830958 ('BM - Erweiterung Kita Bakede - Sanitärarbeiten'): no value found
2026-09-18 15:07:23 DEBUG      REJECT 25831218 ('Reinigung von Unterflursystemen 2026 und 2027'): no value found
2026-09-18 15:07:23 DEBUG      REJECT 25831842 ('Beratungs- und Umsetzungsleistungen für Aufbau, Migration und Betrieb '): no value found
2026-09-18 15:07:23 DEBUG      REJECT 25831838 ('Diamantsägeseil'): no value found
2026-09-18 15:07:23 DEBUG      REJECT 25831214 ('Lieferung von zwei Streuautomaten'): no value found
2026-09-18 15:07:23 DEBUG      REJECT 25831834 ('Sägeblätter'): no value found
2026-09-18 15:07:23 DEBUG      REJECT 25828856 ('Landschaftsbauarbeiten'): no value found
2026-09-18 15:07:23 DEBUG      REJECT 25831210 ('Landschaftsbauarbeiten'): no value found
2026-09-18 15:07:23 DEBUG      REJECT 25828406 ('Innenraum Bepflanzung Vinzent'): no value found
2026-09-18 15:07:23 DEBUG      REJECT 25831830 ('Akku-Rohrabschneider'): no value found
2026-09-18 15:07:23 DEBUG      REJECT 25831206 ('Bodenbeschichtung Geb.34'): no value found
2026-09-18 15:07:23 DEBUG      REJECT 25828192 ('Straßensanierung Gemeinde Holzen'): no value found
2026-09-18 15:07:23 DEBUG      REJECT 25831826 ('Schmutzwasserpumpe'): no value found
2026-09-18 15:07:23 DEBUG      REJECT 25831202 ('Ertüchtigung Gasversorgung Raum D253'): no value found
2026-09-18 15:07:23 DEBUG      REJECT 25831530 ('Erneuerung umlaufender Turnhallen-Prallschutz, Geräteraumtore und Hall'): no value found
2026-09-18 15:07:23 DEBUG      REJECT 25827936 ('Erneuerung Heizungsanlage Radiser Bahnhofstr. 55'): no value found
2026-09-18 15:07:23 DEBUG      REJECT 25831198 ('Abzug für DigestoriumRaum D253'): no value found
2026-09-18 15:07:23 DEBUG      REJECT 25830942 ('BM - Erweiterung Kita Bakede - Elektrotechische Anlagen'): no value found
2026-09-18 15:07:23 DEBUG      REJECT 25831098 ('Elektroinstallationsarbeiten'): excluded by role-hint keyword 'Elektroinstallation'
2026-09-18 15:07:23 DEBUG      REJECT 25828824 ('VVOTW_LK_08-26-0918 Ansys Software Verlängerung und Wartung'): no value found
2026-09-18 15:07:23 DEBUG      REJECT c657ee96-2304-43c4-afe8-df40ddb34b23 ('Lieferung von losen Sportgeräten für Schulen der Landeshauptstadt Magd'): no value found
2026-09-18 15:07:23 DEBUG      REJECT 011550fb-51fc-4b36-8e49-2fddbdee2f38 ('Lieferung, Aufbau, Inbetriebnahme und Wartung von drei autarken Messst'): no value found
2026-09-18 15:07:23 DEBUG      REJECT a1c75ecf-e8b3-4092-9c78-7175da596c06 ('Lieferung von 6 UTV, Los 1 bis 3'): no value found
2026-09-18 15:07:23 DEBUG      REJECT 9d91944d-4e7a-4bcc-bbeb-d846197bbc60 ('Sanierung Spielplatz Steinbergstraße (SP037) in der Landeshauptstadt M'): no value found
2026-09-18 15:07:23 DEBUG      REJECT 5d2098f7-ead9-4b26-8773-f610ea24e208 ('Sanierung Wegeflächen Grünanlage Hans-Fallada-Weg, Magdeburg Cracau / '): no value found
2026-09-18 15:07:23 DEBUG      REJECT 907f0c09-0a2d-4a97-a549-901966556a17 ('Landschaftsgärtnerische Leistungen Friedhof Westerhüsen 2026-2027, Opt'): no value found
2026-09-18 15:07:23 DEBUG      REJECT 9bfc3c95-df20-45ea-b65b-98a400415264 ('Zeitvertrag - Baum- u. Landschaftspflegearbeiten zur Gefahrenabwehr u.'): no value found
2026-09-18 15:07:23 DEBUG      REJECT 4e04aa2c-fb61-4718-a8c6-5a9ba68405bf ('Baum- und Gehölzpflanzungen im Herbst 2026 (Teil 1) im Rahmen des Baum'): no value found
2026-09-18 15:07:23 DEBUG      REJECT 1db4f306-a2fc-4acb-865e-0eb43fca5a85 ('Notsicherung Einfriedungsmauer Südfriedhof Magdeburg (historische Einf'): no value found
2026-09-18 15:07:23 DEBUG      REJECT 10378e48-0f31-45a3-803b-70697da982cd ('Neubau eines 2-geschossigen Hortgebäudes in Gernrode, Metallbauarbeite'): no value found
2026-09-18 15:07:23 DEBUG      REJECT dc775c10-12e1-4d9b-a860-6c14892ec58a ('Wohnungssanierung, 60433 Frankfurt: Oberer Ornberg 5,16,20,30, Am Ulme'): no value found
2026-09-18 15:07:23 DEBUG      REJECT 216a87db-896b-4081-ac60-bc79de712752 ('Aktualisierung vorhandener Schriften und Plakate sowie Produktion, Lay'): no value found
2026-09-18 15:07:23 DEBUG      REJECT 03e3e914-31a1-4700-a2d3-ce9c2bdb217e ('Lichtquelle für Inspektionsmessplatz (tunable MWIR Laserquelle)'): no value found
2026-09-18 15:07:23 DEBUG      REJECT cc5bbbf9-fc9f-4556-8848-7031c3d74c79 ('Analytik zur weitergehenden Bewertung von Gewässergütedaten für die Me'): no value found
2026-09-18 15:07:23 DEBUG      REJECT 93e9a283-4c40-4c5e-8af1-8ef4df1e0b3b ('Kernsanierung BT A + CHauptsitz Stiftung Rehabilitationszentrum Thür. '): no value found
2026-09-18 15:07:23 DEBUG      REJECT 7ee0398d-898e-4429-b597-db38f4cc1a75 ('Kita Borstel in 06886 Luth. Wittenberg-Außenanlagen inkl. Entwässerung'): no value found
2026-09-18 15:07:23 DEBUG      REJECT b02f90e8-6016-4138-bf82-7526668c0c2a ('S26 000107: L 21.09 Projekt Altdeponien, Teilprojekt HHL, Überwachung '): no value found
2026-09-18 15:07:23 DEBUG      REJECT fc2f3bd0-99e1-4924-8114-78ae30860654 ('Wartung und Inspektion von Gebäudeautomation im Bildungs- u. Wissensch'): no value found
2026-09-18 15:07:23 DEBUG      REJECT 5f2e3f9f-01b3-4b69-9c3a-65cbb4c18b92 ('Rahmenvereinbarung zur Beschaffung von Reinigungs- und Verbrauchsmater'): no value found
2026-09-18 15:07:23 DEBUG      REJECT 42ab89a4-7c1e-4915-b21c-0e9a5a4314c8 ('Brücke Schwarzburger Straße - Ersatzneubau mit Behelfsumfahrung'): no value found
2026-09-18 15:07:23 DEBUG      REJECT a337080c-967b-4dd9-a373-e99406e5ada7 ('Bauvorhaben Neugestaltung Foyer und Garderobe im Jüdischen Museum Berl'): no value found
2026-09-18 15:07:23 DEBUG      REJECT 3ed03b6c-8e72-40b6-9a2f-ac13bcd5070d ('Sanierung Fußboden Glasgang Foyer H2+3, Messe Erfurt'): no value found
2026-09-18 15:07:23 DEBUG      REJECT 1c855e75-0afe-4726-a017-aa87ada0cb43 ('Sanierung Wohnhaus Löfflerstraße 2, 07381 Pößneck (Los 16 - Innentüren'): no value found
2026-09-18 15:07:23 DEBUG      REJECT 28c16d8b-986e-450a-b0fe-8bb6fbe81643 ('Sanierung Wohnhaus Löfflerstraße 2, 07381 Pößneck (Los 17 - Bodenbeläg'): no value found
2026-09-18 15:07:23 DEBUG      REJECT f53de554-39a7-42be-996c-181fdb0cb1ca ('Sanierung Wohnhaus Löfflerstraße 2, 07381 Pößneck (Los 18 Tapezier- un'): no value found
2026-09-18 15:07:23 DEBUG      REJECT 7556ca40-0007-44fb-afa2-417b3df61e34 ('Sanierung Wohnhaus Löfflerstraße 2, 07381 Pößneck (Los 19 - Fliesenarb'): no value found
2026-09-18 15:07:23 DEBUG      REJECT 94d5d66d-91ab-4f2e-85dc-e5b6afd22b0c ('Rekultivierung der Spülfelder 2.BA/S4,S5, 3.BA/S5,S5a und S6 im Spülge'): no value found
2026-09-18 15:07:23 DEBUG      REJECT 963f1360-6744-4555-803c-ca3d51b8614b ('Pfortendienstleistung für den ITZBund Dienstsitz Hamburg '): no value found
2026-09-18 15:07:23 DEBUG      REJECT 7bebaad4-5871-4f1b-9714-4433cb11562c ('Probenahme von Standgewässern'): no value found
2026-09-18 15:07:23 DEBUG      REJECT e4fd5f50-175a-4fed-b84c-e50e73dc7540 ('Megaschallbecken zur Reinigung optischer Substrate und Maskenrohlinge'): no value found
2026-09-18 15:07:23 DEBUG      REJECT 90f899ac-09f1-4a4d-bc75-0adb9122a341 ('Rahmenvertrag Unterhaltungsmaßnahmen an Gewässern 1. Ordnung - Gewässe'): no value found
2026-09-18 15:07:23 DEBUG      REJECT 6ab6939e-661b-4912-a8d8-efdb6ba57628 ('Metallbauarbeiten nach DIN 18 360 - 2372/2026'): no value found
2026-09-18 15:07:23 DEBUG      REJECT fcb0d67a-1fa7-435c-9d83-bf8633418549 ('Erweiterung des Speisesaales der Siedlungsgrundschule i. R. des Förder'): no value found
2026-09-18 15:07:23 DEBUG      REJECT bfc9c10f-7c93-476b-9687-8220928ba483 ('Multiplikations-Fortbildungen im Bereich Ernährungsbildung'): no value found
2026-09-18 15:07:23 DEBUG      REJECT 383d8b76-6ab7-4d1a-b7f1-3b6a88409117 ('Reinigungsdienstleistungen für das TMBWK Erfurt'): no value found
2026-09-18 15:07:23 DEBUG      REJECT 56a1f1e0-25b0-4737-b4de-fd4fe070792b ('Technische Dienstleistungen Gefahrenabwehrmaßnahmen Industrie und Gewe'): no value found
2026-09-18 15:07:23 DEBUG      REJECT 40138ec9-9e33-4d8b-8356-14db6a067036 ('Rahmenvertrag Unterhaltungsmaßnahmen an Gewässern 1. Ordnung - FB Gent'): no value found
2026-09-18 15:07:23 DEBUG      REJECT 57d5fdd7-2bfd-4b14-9ddb-f347675343ec ('Instandsetzung und Modernisierung Mitarbeitergebäude 2- Photovoltaik'): no value found
2026-09-18 15:07:23 DEBUG      REJECT 6c7fb4e0-9104-4c8d-adb1-05f1970890c4 ('Sanierung Rolandbrunnen - Erneuerung Brunnentechnik'): no value found
2026-09-18 15:07:23 DEBUG      REJECT c1d94d25-240e-4476-9189-4db9fe11bd64 ('Neubau Modulbaumensa \nNeubau einer Modulbaumensa'): no value found
2026-09-18 15:07:23 DEBUG      REJECT 25832462 ('Markterkundung'): no value found
2026-09-18 15:07:23 DEBUG      REJECT 25832388 ('67-0972-26 Parkplatz Jädekamp;  Parkplatz Jädekamp Entsiegelung 2026'): no value found
2026-09-18 15:07:23 DEBUG      REJECT 25832340 ('Strengthening National Capacity for Responsible Tailings Management an'): no value found
2026-09-18 15:07:23 DEBUG      REJECT 25832366 ('10 Akten-Turmwagen'): no value found
2026-09-18 15:07:23 DEBUG      REJECT 25832486 ('Durchführung einer Business Impact Analyse (BIA)'): no value found
2026-09-18 15:07:23 DEBUG      REJECT 25832482 ('Ersatzpflanzungen Deponie Schöneicher Plan'): no value found
2026-09-18 15:07:23 DEBUG      REJECT 25832490 ('Rahmenvertrag Podestleitern und Ersatzteile'): no value found
2026-09-18 15:07:23 DEBUG      REJECT 25832494 ('Mobiler Wartungsbetrieb bei WAVEGUIDE'): no value found
2026-09-18 15:07:23 DEBUG      REJECT 25832344 ('Prüfen von Gemeinkostenabrechnungen bei 50 EU-Förderprojekten'): no value found
2026-09-18 15:07:23 DEBUG      REJECT 25832504 ('Ertüchtigung Gassystem des Prüflabors der Schachtanlage Asse II'): no value found
2026-09-18 15:07:23 DEBUG      REJECT 25832478 ('VR-Vessel'): no value found
2026-09-18 15:07:23 INFO     === Day 2: 2026-09-16 (still need: 6 more) ===
2026-09-18 15:07:23 INFO       Fetching 2026-09-16...
2026-09-18 15:07:28 INFO         1184 notice files.
2026-09-18 15:07:28 DEBUG      REJECT c5ef3499-a4b9-47ec-bc70-26f11a16f0c3 ('Gerüstbau'): only 1/3 core criteria matched (need 2) -- missed: cpv, nuts
2026-09-18 15:07:28 DEBUG      REJECT 3c8225a9-791b-49f1-b08d-a65ecfcb0076 ('2000088662 - San. Wohnanlage Am Schwalbenschwanz, Frankfurt a. M. - Ab'): no value found
2026-09-18 15:07:28 DEBUG      REJECT c69749e4-68cc-4d41-aabc-ab5cf295998f ('Spritzschutzgeländer - Reinigung'): no value found
2026-09-18 15:07:28 DEBUG      REJECT 7b083735-d2fe-4149-b920-ca6a524868e3 ('Ersatzneubau Urbich - Komplexer Tiefbau'): no value found
2026-09-18 15:07:28 DEBUG      REJECT 62017582-b322-43ba-b234-99c6d10e7cde ('Technisches Rathaus - Blendschutz'): no value found
2026-09-18 15:07:28 DEBUG      REJECT 8168d760-e364-4120-9df0-b30c308f22c7 ('Ersatzanbau Freizeittreff Stotternheim - Abbrucharbeiten'): no value found
2026-09-18 15:07:28 DEBUG      REJECT f9f456db-7d9a-4aa3-bb60-6dced2f58bcf ('Abbrucharbeiten '): no value found
2026-09-18 15:07:28 DEBUG      REJECT 3aa224f3-9873-4526-9c23-7271cf89efd8 ('Errichtung einer Klärschlammmonoverbrennungsanlage, Los 3 Schnittstell'): no value found
2026-09-18 15:07:28 DEBUG      REJECT ca6a9d29-4645-4b9f-9cbf-ec837f1587f9 ('HEAE MBW - H2 - Aufzugsanlage'): no value found
2026-09-18 15:07:28 DEBUG      REJECT 1fddcaa3-767c-4634-bea9-8c172601ff9e ('Lieferung Kommunal-Traktor'): no value found
2026-09-18 15:07:28 DEBUG      REJECT 041a3b4a-d1d4-4009-9dcc-6ff36b793ef3 ('Grundschule Deutsch Evern'): no value found
2026-09-18 15:07:28 DEBUG      REJECT 6bf5b4f6-4a92-47f9-bc92-0d3e550a2fe2 ('1022_Lüftungstechnik, Sanierung der Walter-Kolb-Halle in Bremerhaven'): no value found
2026-09-18 15:07:28 DEBUG      REJECT 69e0360e-ef46-4cfc-93dc-c2f1a34d1292 ('Universität zu Köln - Wartung-/Instandhaltungsservice der EBI Leitstel'): no value found
2026-09-18 15:07:28 DEBUG      REJECT 008f59f2-eb85-4cae-abb1-fc517ee97374 ('Abrollbehälter inkl. Auf-/Ausbau für die Berufsfeuerwehr der Stadt Han'): no value found
2026-09-18 15:07:28 DEBUG      REJECT a530858f-6d25-4f15-85a0-5947d0f21719 ('Beschaffung eines Hilfeleistungslöschfahrzeugs, HLF 20'): no value found
2026-09-18 15:07:28 DEBUG      REJECT 298f0d7c-fb8d-4be7-8010-aa46e2328aed ('Objektschutz in zwei Gemeinschaftsunterkünften für die Unterbringung v'): no value found
2026-09-18 15:07:28 DEBUG      REJECT 5b3d9c41-6b95-444b-951c-01eecb8f850e ('Verhandlungsverfahren mit Teilnahmewettbewerb nach § 17 VgV \nBad Salzu'): no value found
2026-09-18 15:07:28 DEBUG      REJECT 7520388b-9b97-457f-90b9-f475ba5e4f0d ('Interventionelles MRT'): no value found
2026-09-18 15:07:28 DEBUG      REJECT e6f5cf35-ea68-40a6-b4e7-9cda0aa4174b ('Belieferung mit medizinischem Sauerstoff'): no value found
2026-09-18 15:07:28 DEBUG      REJECT bd27ea21-4be0-43b2-ade5-0789e54cbaee ('Stadt Coesfeld: Ausschreibung von Fachplanungsleistungen Tragwerksplan'): only 1/3 core criteria matched (need 2) -- missed: cpv, nuts
2026-09-18 15:07:28 DEBUG      REJECT 307bbb8e-7821-42e3-bebc-c5ce607d6d58 ('Neubau Rathaus'): no value found
2026-09-18 15:07:28 DEBUG      REJECT 5bf0da81-04b4-4540-a2a1-fa832e81b42d ('1022_Heizungstechnik, Sanierung der Walter-Kolb-Halle in Bremerhaven'): no value found
2026-09-18 15:07:28 DEBUG      REJECT c99ad21f-5df0-4684-8d10-23135c1e8b85 ('Beförderung von Briefsendungen für teilnehmende sächs. Justizdienstste'): no value found
2026-09-18 15:07:28 DEBUG      REJECT 381330e9-a9a0-4bc7-a13c-dcca11451662 ('Einführung On-Premise KI-Plattform'): only 0/3 core criteria matched (need 2) -- missed: cpv, nuts, value
2026-09-18 15:07:28 DEBUG      REJECT fcd29cc5-5683-4216-98b9-bce47074c29b ('J+K Holzinnentüren 70-00001-2880-58 - PR1290390-2880-B'): no value found
2026-09-18 15:07:28 DEBUG      REJECT 55e88b1c-8f87-4059-a5e7-b883f368db49 ('TGA HLS Denkmalgerechte Sanierung Klubhaus Kremmen'): only 1/3 core criteria matched (need 2) -- missed: cpv, nuts
2026-09-18 15:07:28 DEBUG      REJECT 50fa43f2-fdd1-496b-92b0-37c5682c5e27 ('Fernwärmetrasse vom IKW Rüdersdorf nach Hönow/ Strausberg'): no value found
2026-09-18 15:07:28 DEBUG      REJECT c321c95c-20c6-4bbc-827b-02d8b709daea ('EU-weite Ausschreibung über die Beschaffung einer Rahmenvereinbarung f'): no value found
2026-09-18 15:07:28 DEBUG      REJECT 80a70f68-a454-456f-b5ea-c7d81027ef8b ('Heizungs-, Kälteanlage'): no value found
2026-09-18 15:07:28 DEBUG      REJECT bef6cc00-924a-4e51-a18e-0439bd51379d ('TSK26010 Lieferung von drei Radladern für das Friedhofs- und Bestattun'): no value found
2026-09-18 15:07:28 DEBUG      REJECT a1ee4560-73ee-44ca-879c-b81b4a3e500b ('Hilfeleistungs-Löschgruppenfahrzeug HLF 20'): no value found
2026-09-18 15:07:28 DEBUG      REJECT e336f93b-93c1-488d-ab33-497cd88996cf ('KWK-138 DT-Anlage MVA Weisweiler - Los 511 Hallenkran Maschinenhaus'): no value found
2026-09-18 15:07:28 DEBUG      REJECT deebdf92-64cc-4802-981c-de0c3eef80e2 ('Glasfaserausbau und Signallieferung'): no value found
2026-09-18 15:07:28 DEBUG      REJECT 975a9fd6-729e-45a6-b6e0-5042d1b52752 ('Friedrich-Ebert-Krankenhaus Generalplanerleistungen ab LPH 5ff. für EN'): no value found
2026-09-18 15:07:28 DEBUG      REJECT 907f675f-60c4-4f5c-a630-1b14f3ce81f7 ('Inspektion u. Wartung von ca. 850 Tauchmotoragg. in den Jahren 2027-20'): no value found
2026-09-18 15:07:28 DEBUG      REJECT 6a370408-13db-4e37-84b8-9a80e96a5610 ('Beschaffung einer zentralen Application Delivery-, Loadbalancing- und '): no value found
2026-09-18 15:07:28 DEBUG      REJECT c9c6916d-697f-4b01-b55a-5cb570bbc304 ('Erbringung von Dienstleistungen zur Hafen- und Lagerlogistik für die N'): excluded by keyword 'Umspannwerk'
2026-09-18 15:07:28 DEBUG      REJECT 7b607828-d2b7-4030-b1f8-ccfa850420c5 ('Ökologische und Baumschutzfachliche Baubegleitung'): no value found
2026-09-18 15:07:28 DEBUG      REJECT de166c56-23c7-4c31-9f0e-9846fb8ea264 ('Lieferung iPads mit Zubehör'): only 0/3 core criteria matched (need 2) -- missed: cpv, nuts, value
2026-09-18 15:07:28 DEBUG      REJECT 05406422-b01c-4501-81f5-f3a35c83851f ('Gemeinde Schermbeck - Neubau Zentraler Schulstandort Weseler Straße - '): no value found
2026-09-18 15:07:28 DEBUG      REJECT 32a921fc-6099-482a-b50f-05bab94d8660 ('Umbau der Grundschule Gaustadt zur Schaffung von Räumen für die Ganzta'): no value found
2026-09-18 15:07:28 DEBUG      REJECT 671a062d-0e72-4040-807f-446ce257be29 ('SEP Grundschule Gerberstraße-Innenputzarbeiten'): no value found
2026-09-18 15:07:28 DEBUG      REJECT b8d6782f-fde0-4efd-88f2-7be05e488c82 ('RAW_700-18 Ertüchtigung Büschdorfer Tunnel'): no value found
2026-09-18 15:07:28 DEBUG      REJECT 01a0a017-b599-47f5-bb96-ad3a5279dfb2 ('Messe Erfurt GmbH - Rahmenvertrag Messebau'): no value found
2026-09-18 15:07:28 DEBUG      REJECT 13749400-50bc-453b-af41-538d48435248 ('BIM Projektsteuerung: Frankfurt Süd'): no value found
2026-09-18 15:07:28 DEBUG      REJECT d944448a-9232-41c7-b2a5-5ba1ef6b0c51 ('Rahmenvertrag (Zeitvertrag 2026-2028) Gerüstbauarbeiten /2'): no value found
2026-09-18 15:07:28 DEBUG      REJECT 46665f56-3961-43b7-9815-fee8452fef01 ('Übernahme, Transport und Verwertung von Bioabfällen'): no value found
2026-09-18 15:07:28 DEBUG      REJECT 515eea47-64b4-43a9-b2b1-fdb7d7895ef0 ('Verhandlungsverfahren mit Teilnahmewettbewerb nach § 17 VgV\nBad Salzun'): no value found
2026-09-18 15:07:28 DEBUG      REJECT 441bf2d2-b2ab-4701-85af-025a1d352a34 ('Landwirtschaftliche Verwertung des auf der Kläranlage Oberhoppen anfal'): no value found
2026-09-18 15:07:28 DEBUG      REJECT 5872a17b-44fb-4261-96de-d8513acb1c67 ('Abfalllogistik 2027'): only 0/3 core criteria matched (need 2) -- missed: cpv, nuts, value
2026-09-18 15:07:28 DEBUG      REJECT 1ac5b191-c43e-4f22-9002-0d527b55fcd2 ('Flaggensätze mit Aufbewahrungstasche'): no value found
2026-09-18 15:07:28 DEBUG      REJECT c04ac815-abf6-4327-b5a9-43ba95631cae ('Bürodrehstühle Rahmenvertrag'): no value found
2026-09-18 15:07:28 DEBUG      REJECT a963e896-11ba-49ba-b2e8-8717d30a7a31 ('Gebäudereinigung Hugo-Wolf-Str. 70'): no value found
2026-09-18 15:07:28 DEBUG      REJECT 4d11e71f-98dd-451f-b082-d5af534b3236 ('Anbindung des Hochbehälters Thiels Hütte an die Trinkwasserversorgung '): no value found
2026-09-18 15:07:28 DEBUG      REJECT 93613bd8-3bcd-4118-bbce-f56adce48bb4 ('Fachklassenausstattung'): no value found
2026-09-18 15:07:28 DEBUG      REJECT 5bace31b-17d6-4672-a429-62870fd8e5a5 ('Lieferung von insgesamt 25 3-Achs-LKW'): no value found
2026-09-18 15:07:28 DEBUG      REJECT eca54e1b-066b-4624-9b25-52c469e4b387 ('10027690-Entwicklung und Implementierung strategischer Maßnahmen und I'): no value found
2026-09-18 15:07:28 DEBUG      REJECT 2bbbdc07-fa5f-4af9-99a4-7b2e9248396f ('Reallabor Rheinland - Erkundungsbohrung Weisweiler R1\n\nAusschreibung e'): no value found
2026-09-18 15:07:28 DEBUG      REJECT 31817d6c-02a0-4088-8949-b5a7f9edc13e ('Transport von Deponiesickerwasser nach Halle-Nord bzw. Leuna'): no value found
2026-09-18 15:07:28 DEBUG      REJECT 1604bfc0-df6f-4412-a9b8-6bbff0548131 ('Waldhufenschule, Rimbach-Zotzenbach - Erweiterung auf Spielplatz - GU '): excluded by keyword 'Generalunternehmer'
2026-09-18 15:07:28 DEBUG      REJECT 7a2bc9a7-8015-4b5e-b0de-841f3a78496b ('Karl-Rehbein-Schule Dep. II, Abbruch Haus des Handwerks und\nErweiterun'): no value found
2026-09-18 15:07:28 DEBUG      REJECT f1f4f430-22aa-4217-9c09-8d7d94a5516c ('Erweiterung Ausbildungszentrum MNZ – Ausstattung der Werkstätten  - Lo'): only 1/3 core criteria matched (need 2) -- missed: cpv, value
2026-09-18 15:07:28 DEBUG      REJECT 452cdf46-ea32-4091-af28-6a63ef8c9c74 ('Umbaumaßnahme Grundschule Sandweier zur Ganztagesschule - Tragwerkspla'): no value found
2026-09-18 15:07:28 DEBUG      REJECT 0154f570-03d0-4766-90ab-501c3e9c9727 ('2026-1005079_Flughafen München_Generalübernehmer Gepäcksortierhalle Te'): excluded by keyword 'Generalunternehmer'
2026-09-18 15:07:28 DEBUG      REJECT e4ea949f-6d96-43b3-ba0f-8f48f6c8c175 ('Erweiterung des Feuerwehrgerätehauses in Saulheim'): no value found
2026-09-18 15:07:28 DEBUG      REJECT ea96b9d2-128d-4482-bda5-b62255a3569c ('Verhandlungsbekanntmachung: Versorgung mit Hilfsmitteln der Produktgru'): no value found
2026-09-18 15:07:28 DEBUG      REJECT d96a9962-729c-44a2-a060-f4fa4fa5caa6 ('Bundesstadt Bonn: KGS Buschdorf - Planungsleistungen-Freianlagen'): no value found
2026-09-18 15:07:28 DEBUG      REJECT e43bf811-04c1-4456-a92e-b8059fc60905 ('Planungsleistungen Technische Ausrüstung (HLS) für Sanierung und energ'): no value found
2026-09-18 15:07:28 DEBUG      REJECT c1bb7efc-f32e-4d8a-a28b-7c7768dba9c8 ('Zimmererarbeiten-Dachstuhl'): no value found
2026-09-18 15:07:28 DEBUG      REJECT bcfd3845-ebc1-44b8-9c34-c2d124b10fe7 ('Winterdienstleistungen'): no value found
2026-09-18 15:07:28 DEBUG      REJECT 9a1b2062-053c-47dc-bc6c-b4cd4604c5f2 ('Erweiterung und Sanierung GS Ichenhausen - Erweiterungsbau feste Möbli'): only 0/3 core criteria matched (need 2) -- missed: cpv, nuts, value
2026-09-18 15:07:28 DEBUG      REJECT 2f51da30-ace1-438c-87f3-d453fea657eb ('Generalsanierung Litzelhardthalle'): no value found
2026-09-18 15:07:28 DEBUG      REJECT 89a419d8-3f95-4702-993f-d8beec8f6caa ('Erneuerung und Strukturverbesserung\nKlinik Josefinum Augsburg - 4. Bau'): no value found
2026-09-18 15:07:28 DEBUG      REJECT ddcd7ad8-87a6-4630-8e5c-2b280cfcc3dc ('28-01 Zimmerarbeiten 1.BA'): no value found
2026-09-18 15:07:28 DEBUG      REJECT f9130abe-6656-41ee-90e5-fa88244bc975 ('LF 20 KatS Feuerwehr Schongau'): excluded by keyword 'Generalunternehmer'
2026-09-18 15:07:28 DEBUG      REJECT 0e1e53c6-2e9a-43e0-b379-157699a278b1 ('Markterkundung für die Einführung einer digitalen Aktenführung (eAkte)'): no value found
2026-09-18 15:07:28 DEBUG      REJECT 99e8a48e-55be-4c76-b600-3777e7cba28e ('Ausschreibung appbasierter On-Demand-Verkehr im Kreis Schleswig-Flensb'): no value found
2026-09-18 15:07:28 DEBUG      REJECT a32e0e5f-cbf6-4bc8-9fe1-c6a3af7ef5f3 ('Transport und Verwertung von von Rostschlacke aus der RABA Erfurt-Ost'): no value found
2026-09-18 15:07:28 DEBUG      REJECT db17c97d-c656-41ab-a10b-25b187f9f62b ('Softwareanpassung Schleusenmanagementanwendung iSMGT'): no value found
2026-09-18 15:07:28 DEBUG      REJECT 9a166902-52db-4456-b8e2-5fe3f2c51e39 ('HB2 - Baulogistik inkl. Baustelleneinrichtung'): no value found
2026-09-18 15:07:28 DEBUG      REJECT d108fbfa-8380-49ee-89d5-e5b47b1b8533 ('Lieferung der Beladung für zwei Löschgruppenfahrzeuge HLF 20'): no value found
2026-09-18 15:07:28 DEBUG      REJECT c214e855-82c8-4204-94b5-4a8bc3c188b8 ('3213 - Tischlerarbeiten - Mobile Trennwand'): no value found
2026-09-18 15:07:28 DEBUG      REJECT 80fc2cde-cc93-4d94-8f2e-8a53c6c4a93c ('Lieferung eines Tanklöschfahrzeugs TLF2000 geländegängig nach DIN 1453'): no value found
2026-09-18 15:07:28 DEBUG      REJECT f2f288d1-4d81-4487-abf7-c6bd0c996e22 ('Klinik Immenstadt, BA 1, Erweiterungsbau Nordwest,  Leistungen der Tra'): no value found
2026-09-18 15:07:28 DEBUG      REJECT d66220d5-2fb6-4e0a-b885-ebd544cee9e6 ('Logistikdienstleistung für OP Instrumente RoMed\n'): only 1/3 core criteria matched (need 2) -- missed: cpv, nuts
2026-09-18 15:07:28 DEBUG      REJECT 00d958fa-1508-46e7-8b03-2e3cfab170a4 ('Investorenmodell: Räumliche Zentralisierung der Aus-, Fort- und Weiter'): no value found
2026-09-18 15:07:28 DEBUG      REJECT 68799396-9c0b-41bc-84f6-3c646b99051e ('Karl-Rehbein-Schule Dep. II, Abbruch Haus des Handwerks und\nErweiterun'): no value found
2026-09-18 15:07:28 DEBUG      REJECT 6c0e64fd-a181-465d-a3ad-b4585d2758dd ('Aufzug (H) - Erweiterung und Sanierung Kreishaus'): no value found
2026-09-18 15:07:28 DEBUG      REJECT 172ae66a-09d6-41d6-aa39-f7a293f9a600 ('Elektroarbeiten Schwachstrom'): excluded by role-hint keyword 'Elektroarbeiten'
2026-09-18 15:07:28 DEBUG      REJECT f183c2f1-a1f6-4252-8ac6-5866d30c6ca4 ('Stadt Hemmingen - GS Arnum - Trockenbauarbeiten'): no value found
2026-09-18 15:07:28 DEBUG      REJECT 38598773-63fb-48eb-b6aa-a255ff4040fa ('Lieferung und Implementierung eines CRM-Systems'): no value found
2026-09-18 15:07:28 DEBUG      REJECT 3678614b-4cd2-4a0b-9d07-b3bf8b21c1cb ('Generalsanierung des Korridors Rechter Rhein - Bauleistungen'): no value found
2026-09-18 15:07:28 DEBUG      REJECT 08ecd73b-ffc2-45a7-8132-f92a89d11b94 ('Beschaffung von PMO-Fachkräften für das Projekt Management des Landes '): only 1/3 core criteria matched (need 2) -- missed: cpv, value
2026-09-18 15:07:28 DEBUG      REJECT c4745a16-5769-4144-a01f-0802676c2ac0 ('Rheinsberg (OT Linow) / Fahrsicherheitstrainingsmaßnahmen'): only 0/3 core criteria matched (need 2) -- missed: cpv, nuts, value
2026-09-18 15:07:28 DEBUG      REJECT de9b5ae4-c01d-4d0c-acfa-5a1de3ff16a4 ('Betreuungs-Rahmenvertrag  für die Arbeitssicherheit und den Gesundheit'): no value found
2026-09-18 15:07:28 DEBUG      REJECT 9a8ae6f7-4ea4-4b56-a73e-05759cff10a9 ('Planungsleistung Staue, Grabenaufweitungen, Aktive Bewässerungen angel'): no value found
2026-09-18 15:07:28 DEBUG      REJECT f6da07ed-feae-40a5-9eac-0aa287f95e78 ('RV Fahrbahnreinigung nach Unfällen, AM Braunschweig-Rüningen'): only 1/3 core criteria matched (need 2) -- missed: cpv, nuts
2026-09-18 15:07:28 DEBUG      REJECT 6f7f8e44-08f4-4d44-9904-cd2117e84eee ('Stadt Coesfeld: Ausschreibung von Fachplanungsleistungen Technische Au'): only 1/3 core criteria matched (need 2) -- missed: cpv, nuts
2026-09-18 15:07:28 DEBUG      REJECT 63de9706-6f8e-416b-9d0c-617396a34c87 ('A.0435.12.0514 - UB JLU GI | ÖA Parkettarbeiten'): no value found
2026-09-18 15:07:28 DEBUG      REJECT 8014ade7-eefd-4ab9-b5aa-c3f0725bdf40 ('Verhandlungsverfahren mit Teilnahmewettbewerb nach § 17 VgV\nBad Salzun'): no value found
2026-09-18 15:07:28 DEBUG      REJECT f77e1a90-902b-4f00-8bbc-42e977721d7f ('Beschaffung und Innenausbau eines UAV-Transportfahrzeugs, eines Einsat'): no value found
2026-09-18 15:07:28 DEBUG      REJECT fb71ece0-27b2-42e6-8bcd-e8707b08ac24 ('Download-/Review-Tool'): no value found
2026-09-18 15:07:28 DEBUG      REJECT 29c52430-b029-4424-8ca7-24374715bf58 ('Bundesanstalt für Immobilienaufgaben - Grundsanierung des BImA - Diens'): no value found
2026-09-18 15:07:28 DEBUG      REJECT 4b6da03a-87a6-453f-a25a-669cc405f290 ('Gerätewagen Logistik LZG für den Kreis Pinneberg'): no value found
2026-09-18 15:07:28 DEBUG      REJECT 4ad66f02-72eb-45a0-95b6-68f73ee7e093 ('Kundenselbstablesung'): no value found
2026-09-18 15:07:28 DEBUG      REJECT b7d8db51-786a-4c0a-9bb5-cf046d701d5b ('Verhandlungsverfahren mit Teilnahmewettbewerb nach § 17 VgV\nBad Salzun'): no value found
2026-09-18 15:07:28 DEBUG      REJECT 3416f20b-ef8f-4c6f-93f1-ccdaad7ed079 ('Unterhalts- und 1x jährliche Grundreinigung sowie Glas- und Rahmenrein'): no value found
2026-09-18 15:07:28 DEBUG      REJECT c08a2d81-686f-463a-8dba-252b629bfd0a ('Briefversand für Bundesbehörden und sonstige Einrichtungen des Bundes'): no value found
2026-09-18 15:07:28 DEBUG      REJECT 4e332a71-bcc9-4ecd-8802-5dbb477b85e3 ('47EU/26 Bewerbungs- und Auswahlverfahren für die Durchführung des Trie'): no value found
2026-09-18 15:07:28 DEBUG      REJECT ea2006a9-9224-467d-865e-5dd8134a2dbd ('BKE, Erweiterungsbau - Landschaftsbauarbeiten nach DIN 18 320 - Vergab'): no value found
2026-09-18 15:07:28 DEBUG      REJECT 921b9e0b-9696-467e-a913-ccc15ad1abe6 ('VE302 Erweiterter Rohbau'): no value found
2026-09-18 15:07:28 DEBUG      REJECT 28c8aa4c-208a-46f3-b333-35c568928d49 ('Eventagentur- und Mediaagenturleistungen zur Planung und Durchführung '): no value found
2026-09-18 15:07:28 DEBUG      REJECT 7974c8fb-a1a8-4c8a-a703-742399e2eca0 ('Lieferung von Müllgroßbehältern 2-Rad und 4-Rad'): no value found
2026-09-18 15:07:28 DEBUG      REJECT ed0a655f-db5b-484a-9441-0a84ea90eb6c ('Rahmenvertrag (Zeitvertrag 2026-2028) Heizanlagen /2'): no value found
2026-09-18 15:07:28 DEBUG      REJECT 41a21091-13a1-4673-a9eb-5fa733cadcc1 ('ITDZ Berlin: Instandhaltung Klimatechnik'): only 0/3 core criteria matched (need 2) -- missed: cpv, nuts, value
2026-09-18 15:07:28 DEBUG      REJECT e4037a44-d382-4130-95c5-b24bacec472a ('Neubau und Erweiterung der FGTS am Schulstandort St.Wendel/Niederkirch'): no value found
2026-09-18 15:07:28 DEBUG      REJECT 0991a754-c9fb-47f7-841c-63d3e0dbf409 ('Arbeitnehmerüberlassung - Überlassung von zwei Leiharbeitnehmern für W'): no value found
2026-09-18 15:07:28 DEBUG      REJECT 4c566805-3ed7-43b2-8ce1-71ad7da16729 ('EIB_Lab_Hamilton_Easy Blood System_Pipettierroboter_DS_20260908'): no value found
2026-09-18 15:07:28 DEBUG      REJECT 9064fef8-44a9-45f0-8afc-b6f1dc65cac4 ('RV über die Herstellung und Lieferung von bis zu 3.700 Tankcontainern '): no value found
2026-09-18 15:07:28 DEBUG      REJECT a5c274cd-00ec-4f70-9018-5d0604857d3f ('Digitalkampagnen 2027-29: Google Adds & Digitale Mediaplanung'): no value found
2026-09-18 15:07:28 DEBUG      REJECT 403a86dd-da15-41c7-934d-8cb2d71dfc0e ('Sicherungs-DL Für das DG  Heilbronner Straße'): no value found
2026-09-18 15:07:28 DEBUG      REJECT 3f142d74-b342-4a09-8751-0e24d8730a44 ('Open-House-Verfahren - Durchführung von Sprachkursen (Deutsch als Frem'): no value found
2026-09-18 15:07:28 DEBUG      REJECT 1ae6335f-2b2f-4554-abf4-993aa797aea1 ('Betrieb Gigabit-Netz der Gemeinde Gerstetten – graue Flecken'): only 0/3 core criteria matched (need 2) -- missed: cpv, nuts, value
2026-09-18 15:07:28 DEBUG      REJECT 01a3c317-3099-4370-8c57-b8578c02eec7 ('BTBI2602/2603 ZNA/HKL RKH Krankenhaus Bietigheim | Fachplanungsleistun'): no value found
2026-09-18 15:07:28 DEBUG      REJECT d5ddbef6-2140-4c2a-8864-c07abe57cb37 ('Bundesstadt Bonn: Hardtbergbad - Hubboden'): no value found
2026-09-18 15:07:28 DEBUG      REJECT e4e39e7b-6fec-4f52-b6a0-57445932f388 ('Beschaffung von Kommunalfahrzeugen'): no value found
2026-09-18 15:07:28 DEBUG      REJECT 531ef96a-411b-4e8d-9e60-ba326a97f149 ('GOK, Sanierung technische Infrastruktur'): no value found
2026-09-18 15:07:28 DEBUG      REJECT d3432434-d211-4b5e-a23f-82df491ed7e6 ('Kulturanum neu gestimmt - Los 61 Möbel und Ausstattung'): no value found
2026-09-18 15:07:28 DEBUG      REJECT a3beabad-c6af-4c42-804c-bbcc86f3b382 ('Bundesamt für Justiz, Bonn -  Große Baumaßnahme Erweiterungsbauten, Hi'): no value found
2026-09-18 15:07:28 DEBUG      REJECT b24c4956-df4a-4280-851f-1a21bc105482 ('Verlege- und Verdrahtungsarbeiten sowie Liefe-rung und Montage von Net'): no value found
2026-09-18 15:07:28 DEBUG      REJECT 5024b561-9182-4174-8d54-bee71dd951b7 ('Architekten- und Ingenieurleistungen für die folgende Maßnahme: Ersatz'): only 1/3 core criteria matched (need 2) -- missed: cpv, nuts
2026-09-18 15:07:28 DEBUG      REJECT 21d51fc0-d44e-49b6-994b-e6a9ecc383cd ('TGA ELT Denkmalgerechte Sanierung Klubhaus Kremmen'): only 1/3 core criteria matched (need 2) -- missed: cpv, nuts
2026-09-18 15:07:28 DEBUG      REJECT df00f846-986d-43e7-ad47-14eaf79dc6fc ('Umbau der Grundschule Gaustadt zur Schaffung von Räumen für die Ganzta'): no value found
2026-09-18 15:07:28 DEBUG      REJECT 79c1dce7-77d6-41e7-9836-2f9005e66ae3 ('JLK - Neubau Stabsgebäude Planungsamt - Baustelleneinrichtung, Rohbaua'): no value found
2026-09-18 15:07:28 DEBUG      REJECT 9019b0c5-b6a7-40dc-9662-3f3615c31234 ('Rahmenvereinbarung über die Durchführung von Holzbringung in den Forst'): no value found
2026-09-18 15:07:28 DEBUG      REJECT eb0d1ca3-431e-4780-896b-0e67b20290a0 ('Umbau der Grundschule Gaustadt zur Schaffung von Räumen für die Ganzta'): no value found
2026-09-18 15:07:28 DEBUG      REJECT f3dbf992-f72d-453e-91fa-e4875a88efd7 ('Staatliche Museen zu Berlin - Museumsinsel und Museumshöfe, Baustellen'): no value found
2026-09-18 15:07:28 DEBUG      REJECT 697d148e-d366-4d4c-a115-5476bbf2f0ac ('UBA - Umbau Bismarckplatz - Raumlufttechnische Anlagen nach DIN 18 379'): no value found
2026-09-18 15:07:28 DEBUG      REJECT 28dac269-fd17-419e-afc3-18b5e18ac138 ('Umzug Medienstation Goethe-Apparat'): only 1/3 core criteria matched (need 2) -- missed: cpv, nuts
2026-09-18 15:07:28 DEBUG      REJECT e3ca66ee-8c29-4425-ae6d-250aeb67f87a ('Komm.ONE im Namen und auf Rechnung der civillent GmbH - Europaweite Ve'): no value found
2026-09-18 15:07:28 DEBUG      REJECT 50e20b67-265d-4b6d-a1cc-a2c8cab29bd0 ('Neubau CKU 2030 - TP 01 - übergeordnete Baustelleneinrichtung'): no value found
2026-09-18 15:07:28 DEBUG      REJECT 19472414-7e91-4b88-ac14-f8a29741a6f5 ('Generalsanierung des Korridors Rechter Rhein - Bauleistungen'): no value found
2026-09-18 15:07:28 DEBUG      REJECT 8d9ec30c-94f5-42b1-8ed0-44602bf43431 ('Mietservicevertrag Schmutzfangmatten für die AOK Baden-Württemberg - L'): no value found
2026-09-18 15:07:28 DEBUG      REJECT c2602d20-d12b-49c1-97bb-ab127e523c19 ('Mietservicevertrag Schmutzfangmatten für die AOK Baden-Württemberg - L'): no value found
2026-09-18 15:07:28 DEBUG      REJECT c804d707-ce16-4d9e-a0ff-1fc1acf61105 ('Erweiterungsbau Kindertagesstätte "Zwergenburg" in Essern - Fachplanun'): no value found
2026-09-18 15:07:28 DEBUG      REJECT b49f51c2-db9f-42aa-ba47-8275f2b947ab ('Sanierung der Tiefgarage Wintersteinstr. 7 in München'): no value found
2026-09-18 15:07:28 DEBUG      REJECT 1077025c-9104-45b0-8184-c7b1e3d129a7 ('2026-031 H83 GS DAH Ost-302-Umbau- und Rohbauarbeiten'): no value found
2026-09-18 15:07:28 DEBUG      REJECT 499397aa-ef0e-4e1b-abc0-fc43d36f22b4 ('Stadtentwicklungsmaßnahme Ostfeld, Wiesbaden'): no value found
2026-09-18 15:07:28 DEBUG      REJECT 7b8f6aaa-7500-4a2b-8907-776408f3a189 ('DFG-Az.: INST 93/1174-1 (A 141) Lieferung eines MPI-Tomographen für Pr'): no value found
2026-09-18 15:07:28 DEBUG      REJECT ff280699-9dcb-44bd-9cc0-5be2fb8bc31d ('Modernisierung der Oberschule Uchte - SiGeKo'): no value found
2026-09-18 15:07:28 DEBUG      REJECT 63841dbe-939a-4d6b-a36e-3bb9f4a67060 ('Rahmenvertrag für Arbeitnehmerüberlassungen im Bereich Beschaffung und'): no value found
2026-09-18 15:07:28 DEBUG      REJECT f0460a11-fd44-40db-82c9-78fb4582a636 ('Generalplanerleistungen für den Umbau und die Sanierung des Wohnblocks'): no value found
2026-09-18 15:07:28 DEBUG      REJECT 53e57289-7224-4e7c-b80e-e70c3eafd7ec ('RV Fahrbahnreinigung nach Unfällen, AM Braunschweig-Hafen'): only 0/3 core criteria matched (need 2) -- missed: cpv, nuts, value
2026-09-18 15:07:28 DEBUG      REJECT 36bf9a8d-d13a-42dc-92b3-0e5e314a39a6 ('2026-0276, Vergabe von Sicherheitsdienstleistungen an städtischen Einr'): no value found
2026-09-18 15:07:28 DEBUG      REJECT 03ddf5d7-0650-411f-a1ac-d0fca9374811 ('Planungs- und Bauleistungen für das Gesundheitsamt mit Fahrradgarage i'): excluded by keyword 'Generalunternehmer'
2026-09-18 15:07:28 DEBUG      REJECT 93fe2072-3b93-4cfb-a11e-5e9a8297a9ee ('REZ Nord 45ind JC team.arbeit.hamburg'): no value found
2026-09-18 15:07:28 DEBUG      REJECT 80b2687f-449b-49f2-b1e5-b2b8d7ea7196 ('Erweiterung Ausbildungszentrum MNZ – Ausstattung der Werkstätten  - Lo'): only 1/3 core criteria matched (need 2) -- missed: cpv, value
2026-09-18 15:07:28 DEBUG      REJECT 87865198-cdf9-4dd6-bd2d-f1e92723c465 ('Hauptbauleistungen Hochleistungskorridor Hamburg - Berlin'): no value found
2026-09-18 15:07:28 DEBUG      REJECT 22ada15a-2249-4bd4-a671-8e8897670f68 ('Hauptbauleistungen Hochleistungskorridor Hamburg - Berlin'): no value found
2026-09-18 15:07:28 DEBUG      REJECT bd7642d8-4463-4602-8602-19e6282d684c ('Kardinal-von-Galen-Schule: Heizungsarbeiten'): no value found
2026-09-18 15:07:28 DEBUG      REJECT 0010ea9b-1249-49d6-afe2-6a10ac0d7b74 ('ARV Lieferung von Standardverkehrszeichen RB Ost, RB Süd und RB West 2'): no value found
2026-09-18 15:07:28 DEBUG      REJECT 39e93420-e42a-4bb1-98d8-82065ded5ff7 ('Rahmenvertrag für Arbeitnehmerüberlassungen im Bereich zentrale Dienst'): no value found
2026-09-18 15:07:28 DEBUG      REJECT c7672e7d-503f-42ee-acc7-5406d8fa8918 ('Rahmenvertrag für Arbeitnehmerüberlassungen im Bereich zentrale Dienst'): no value found
2026-09-18 15:07:28 DEBUG      REJECT caa45dc9-fc51-462d-bba4-d63ab3b28536 ('Rahmenvertrag für Arbeitnehmerüberlassungen im Bereich zentrale Dienst'): no value found
2026-09-18 15:07:28 DEBUG      REJECT 1dea86c8-4d21-4e3f-99ef-0c7b9affc2f3 ('Neubau Dreifachsporthalle Elsa-Brändström-Realschule / Erdbauarbeiten'): no value found
2026-09-18 15:07:28 DEBUG      REJECT 6e40078a-968e-4451-a6f9-0066cfea02be ('Erweiterung und Sanierung GS Ichenhausen - Erweiterungsbau Gebäudeauto'): only 1/3 core criteria matched (need 2) -- missed: nuts, value
2026-09-18 15:07:28 DEBUG      REJECT d0413b88-e4ff-4670-80a4-bd8c90178d61 ('Gebäudemanagement, Oberschule Weener, Neubau Dreifeldsporthalle, Außen'): no value found
2026-09-18 15:07:28 DEBUG      REJECT 01a09f71-aedb-42a9-a01c-dcf8f6e6d57f ('Betreuung Haldenwasserverwertung 2027 bis 2029 (2030 optional)'): no value found
2026-09-18 15:07:28 DEBUG      REJECT 36bd70d5-a3c2-46af-b6ad-fb9365b5cdc0 ('Rahmenvertrag für Arbeitnehmerüberlassungen im Bereich zentrale Dienst'): no value found
2026-09-18 15:07:28 DEBUG      REJECT fa3b2024-c9bd-45dc-89a1-59df6965bc46 ('Erstellung des Umgestaltungskonzeptes Wallring'): no value found
2026-09-18 15:07:28 DEBUG      REJECT a1922220-370b-4b20-9468-db1dcc39e4e2 ('3290 - Verdunkelungsanlagen'): no value found
2026-09-18 15:07:28 DEBUG      REJECT d8a37cbb-1fd9-4cdc-be92-43d9784ee74e ('Rems-Murr-Kliniken gGmbH - Europaweite Vergabe des Baugewerks "Lüftung'): excluded by role-hint keyword 'Elektroinstallation'
2026-09-18 15:07:28 DEBUG      REJECT ddda550b-8e79-492f-8c1c-1f8558261896 ('Reinigung Grundschule und Sporthalle Ludwig Bechstein Arnstadt'): no value found
2026-09-18 15:07:28 DEBUG      REJECT ab1a2196-3b3e-400c-88a6-8b410e918be1 ('Neubau Hauptamtl. Feuer- und Rettungswache Lüdenscheid - VE 307 - Dach'): no value found
2026-09-18 15:07:28 DEBUG      REJECT d9f6395a-527b-49cd-a0ec-bf43a062cdf0 ('Revitalisierung Bauhaus Trabelsdorf: BAU-16B Tischlerarbeiten inkl. fe'): no value found
2026-09-18 15:07:28 DEBUG      REJECT 89cb5b35-440d-4641-86a9-c4d96eb3adc6 ('A44 Ratingen – Velbert im Abschnitt A 3 – L 156'): no value found
2026-09-18 15:07:28 DEBUG      REJECT 9ae1067f-71f7-4ef3-874e-52d6c4dcad8c ('Kaufbedarf EU Umrüstsätze für die PzH 2000'): no value found
2026-09-18 15:07:28 DEBUG      REJECT 2a65f837-7dff-4d67-8571-a798cef1350f ('BG_1699_EU/26 - Werksinstandsetzung von Heizgerät des Systems SPz Mard'): no value found
2026-09-18 15:07:28 DEBUG      REJECT 41d7ac31-f585-4156-af42-5415f9f2b774 ('Schreinerarbeiten 3'): no value found
2026-09-18 15:07:28 DEBUG      REJECT 1d7eb9ce-d42c-41f0-a4f3-1cc0c4d87e20 ('2887 Carl-Kellner-Schule; Sanierung Trakt B; Metallbau- Verglasungs-, '): no value found
2026-09-18 15:07:28 DEBUG      REJECT 6b20f242-021d-4a08-8e14-0fc9b29a4e17 ('VE23 Bodenbelag Linoleum - Grundschule Barendorf'): no value found
2026-09-18 15:07:28 DEBUG      REJECT 947fc897-edd4-43ea-b443-63e8d47a9149 ('Unterhalts-, Sonder- und teilweise Ergänzungsreinigung in 8 Objekten d'): no value found
2026-09-18 15:07:28 DEBUG      REJECT f25e66fd-bd2e-4aea-b339-b37895bbf089 ('Rahmenvereinbarung zur Flugkraftstoffbelieferung der Polizeihubschraub'): no value found
2026-09-18 15:07:28 DEBUG      REJECT d44abc03-50f0-4083-aab5-466efac05753 ('Generalsanierung und Erweiterung Paul-Moor-Schule Landau, Leistungen F'): no value found
2026-09-18 15:07:28 DEBUG      REJECT ed4e3ad6-5358-410f-8b45-9cbba1f7afef ('Medizintechnik'): no value found
2026-09-18 15:07:28 DEBUG      REJECT 40c92953-19e6-4dd6-beac-39c302fd25cc ('MHH - Vergabe eines Dienstleistungsvertrags zur Implementierung von SA'): no value found
2026-09-18 15:07:28 DEBUG      REJECT 49d4a12a-7b77-437a-a031-1d1260b427a4 ('Stromausschreibung Gemeinde Kürten 2027/2028/2029'): only 1/3 core criteria matched (need 2) -- missed: cpv, nuts
2026-09-18 15:07:28 DEBUG      REJECT afeff892-c330-4fb8-973c-6b65d1d3c1c1 ('Malteser Campus St. Maximilian Kolbe - Außenanlagen'): no value found
2026-09-18 15:07:28 DEBUG      REJECT 49272a08-0469-437d-bf1f-ba641417f443 ('Betrieb, Wartung und Instandsetzung der Sickerwasserreinigungsanlage M'): no value found
2026-09-18 15:07:28 DEBUG      REJECT 01a0a3e8-422f-4756-96c5-d2a2a05e53bf ('Grundhafter Ausbau Wolkensteiner Straße, Objektplanung Verkehrsanlagen'): no value found
2026-09-18 15:07:28 DEBUG      REJECT 76042013-ac39-4932-9f1a-4656a0011b6b (' VDE 8.1 ABS Nürnberg-Ebensfeld,S-Bahn Nürnberg (Bamberg-Hartmannshof)'): no value found
2026-09-18 15:07:28 DEBUG      REJECT a9f62a24-31b1-425a-b9aa-ca085ced8bf4 ('REZ NRW UB AA Recklinghausen'): no value found
2026-09-18 15:07:28 DEBUG      REJECT 20176d84-f18c-4068-b17c-d013cf0cfe0f ('Einschneckenextruder'): no value found
2026-09-18 15:07:28 DEBUG      REJECT eeb9ef5a-0b01-43d5-8496-53b81772b15d ('Reinigungsdienstleistungen für das Förderzentrum Rothenburg'): no value found
2026-09-18 15:07:28 DEBUG      REJECT e4f3839a-4932-42c0-9b85-f1745d43c9c6 ('Flaggensätze mit Aufbewahrungstasche'): no value found
2026-09-18 15:07:28 DEBUG      REJECT a040d776-b7d8-40d6-81c9-b50e1aa6daeb ('Elektroarbeiten'): excluded by role-hint keyword 'Elektroinstallation'
2026-09-18 15:07:28 DEBUG      REJECT f1c9a3f9-c8d4-42b4-9e98-1838d72567e0 ('Gesamtschule Busecker Tal - Metallbauarbeiten Innen'): no value found
2026-09-18 15:07:28 DEBUG      REJECT 2a892d69-436e-4ab9-b235-22191b2a0817 ('26E0102 (LBB NL Mainz) Gästehaus der Landesregierung, Bastei Renovieru'): no value found
2026-09-18 15:07:28 DEBUG      REJECT 0a1d2ce8-8ee7-4d56-a411-9ddfdfcad7f9 ('2887 Carl-Kellner-Schule; Sanierung Trakt B; Elektroinstallationsarbei'): excluded by role-hint keyword 'Elektroinstallation'
2026-09-18 15:07:28 DEBUG      REJECT a98df0ee-02df-4926-a699-f0264bc70ae4 ('JVA Bremen, Lazarett - Schlosserarbeiten'): no value found
2026-09-18 15:07:28 DEBUG      REJECT 2c665769-7e2e-4628-991e-28dcf9c3821a ('Fliesen und Platten \nIcking'): no value found
2026-09-18 15:07:28 DEBUG      REJECT 1ccd2bd7-0f11-41f1-899f-4de6866a4092 ('Miete Kopierer für Jenaer Schulen für die Jahre 2027-2032'): no value found
2026-09-18 15:07:28 DEBUG      REJECT a9485f5f-9d7f-4d89-b14e-948fc88864b9 ('Umbau Rostock - Bramow - Los 1 und Los 4'): no value found
2026-09-18 15:07:28 DEBUG      REJECT 38cb1b71-db55-447b-9dcf-7928fa9b9652 ('Fertigung Hauptträger für Hilfsbrücken ZH24 und ZH31'): no value found
2026-09-18 15:07:28 DEBUG      REJECT 4c995852-f3a4-4bec-b31c-16ee0f73a0e2 ('Arbeitsmarktdienstleistung - Job Migra'): no value found
2026-09-18 15:07:28 DEBUG      REJECT 68ed286a-7dcd-4fa8-8fe1-cef357b78bb9 ('Vierunddreißig (34) neue Minibusse (Social Taxis) mit Rollstuhllift in'): no value found
2026-09-18 15:07:28 DEBUG      REJECT d67d21b0-4b54-4ba6-96e2-3b6b23819299 ('Grüne-Aue-Schule, Neubau - Lieferung und Einbau von Holz-Aluminium-Fen'): only 1/3 core criteria matched (need 2) -- missed: cpv, nuts
2026-09-18 15:07:28 DEBUG      REJECT 1b85bfe4-fb5b-49bb-84de-474fa2eb9ef5 ('Neubau Johann-Peter-Hebel Grundschule: Blitzschutz'): no value found
2026-09-18 15:07:28 DEBUG      REJECT adbbb2a3-a548-485c-b584-b649f0cff1b3 ('Dachdecker- und Zimmererarbeiten'): no value found
2026-09-18 15:07:28 DEBUG      REJECT 5cbe1b0e-18eb-4c76-90b1-d36ed71801c1 ('Beförderungsleistungen im freigestellten Schülerverkehr'): no value found
2026-09-18 15:07:28 DEBUG      REJECT 071a393b-8c2d-42cd-9d57-551d42b58813 ('IT System Tankdienste'): no value found
2026-09-18 15:07:28 DEBUG      REJECT bba1b515-3a6b-4be6-9618-db66267d5f72 ('Ersatzbeschaffung Endoskopietechnik'): no value found
2026-09-18 15:07:28 DEBUG      REJECT 2063f8a7-8d9a-4395-9834-8ab5d4a62d1d ('Karl-Liebknecht-Str. 2.BA/Dircksenstr., Lph. 8+9'): no value found
2026-09-18 15:07:28 DEBUG      REJECT 5d6248d2-bbeb-4359-8df1-2c2b5dfe2de7 ('2888 Carl-Kellner-Schule Braunfels; Sanierung Trakt B; Lüftungsinstall'): no value found
2026-09-18 15:07:28 DEBUG      REJECT f1f7f1b8-2e26-45ae-bb75-30766d4f2c89 ('VE 2: Verkehrssicherung - K147, K268, K276'): no value found
2026-09-18 15:07:28 DEBUG      REJECT f964782e-bf72-4c36-bf5f-035b9b1ed8f3 ('Erw. Rohbauarbeiten - Neubau Truppenküche, V0352/2026, Delmetal-Kasern'): no value found
2026-09-18 15:07:28 DEBUG      REJECT c937ed17-050d-4d82-a8c8-4c8f5e7b1f9e ('Rahmenvertrag (Zeitvertrag 2026-2028) Sanitäranlagen /2'): no value found
2026-09-18 15:07:28 DEBUG      REJECT 37b9ca59-76f8-4f86-95c3-350b3f85e457 ('Jahresabschlussprüfungen'): no value found
2026-09-18 15:07:28 DEBUG      REJECT 0b0cee46-7028-48a3-ab93-706252419a34 ('Stromausschreibung Stadt- und Stadtwerke Germering 2027/2028/2029 ohne'): only 1/3 core criteria matched (need 2) -- missed: cpv, nuts
2026-09-18 15:07:28 DEBUG      REJECT abae6b4a-5a2e-4a62-a6e8-61a0d99ac0f0 ('Gemeinde Trebur, Errichtung Feuerwehrgerätehaus'): no value found
2026-09-18 15:07:28 DEBUG      REJECT eb6cb358-277f-463a-a7b6-10419bb6b2b5 ('Jülich - Neubau Brainergy HUB - Trockenbauarbeiten, ETW Mobile Trennwä'): no value found
2026-09-18 15:07:28 DEBUG      REJECT ba79a82e-ba20-40d5-a701-698daf07eeb9 ('Plasmatechnologie'): no value found
2026-09-18 15:07:28 DEBUG      REJECT 892cd313-409d-4d28-89fb-e9c5c15b141b ('TPB.361.01 Innenputz / Innendämmung / Maler MT+NT (NV22 - NA06)'): no value found
2026-09-18 15:07:28 DEBUG      REJECT e4219d9f-af23-4f38-8d05-842a51bb2395 ('TGZ_BDC_Los 497.01_Bauwasserversorgung'): no value found
2026-09-18 15:07:28 DEBUG      REJECT 358aa36b-0b4d-406d-b3f0-3823146a9ea6 ('Erweiterung der Berufsschule München Land mit Neubau einer Sporthalle '): no value found
2026-09-18 15:07:28 DEBUG      REJECT 81ef8785-328d-45a5-aa26-05b430f1424f ('Empfangs- und Sicherheitsdienst - Fraunhofer IOSB - PR 1149403-2140-I'): no value found
2026-09-18 15:07:28 DEBUG      REJECT 005970e4-fa83-4d72-b88d-6b8acfe47c4a ('Wärmedämmverbundsystem (WDVS)'): no value found
2026-09-18 15:07:28 DEBUG      REJECT 7cba3224-ed9b-4557-912a-b89e03238035 ('Stromlieferung Sozialstiftung Bamberg und Klinikum Neumarkt in 2027, 2'): no value found
2026-09-18 15:07:28 DEBUG      REJECT eccaf8a7-61f2-4d8b-b5b5-46950178c568 ('Unterhaltsreinigung im JuGS Gailhof, Am Jugendheim 7 in 30900 Wedemark'): no value found
2026-09-18 15:07:28 DEBUG      REJECT ead3b499-cf64-4888-823d-7737ad787045 ('Neubau Lichtbergschule Eiterfeld, Tischlerarbeiten Möbel'): no value found
2026-09-18 15:07:28 DEBUG      REJECT 40a54a1a-4422-4c9b-b817-9b085061ad44 ('6003072186-BwDLZ Dresden-Vertrag Bewachung und Absicherung der militär'): no value found
2026-09-18 15:07:28 DEBUG      REJECT 9b92da70-5f05-4da6-8f36-63c00ccc4bfd ('Verpflegungsdienste in der Erstaufnahmeeinrichtung Garmischer Straße, '): no value found
2026-09-18 15:07:28 DEBUG      REJECT 7bbe3e4a-e8f3-4ce7-8fac-f9899a31ebc0 ('Grundschule und Kita Meinsen - Trockenbauarbeiten'): no value found
2026-09-18 15:07:28 DEBUG      REJECT 415228ba-c998-4c5b-a88e-4badc9d2e4dc ('Malerarbeiten'): no value found
2026-09-18 15:07:28 DEBUG      REJECT 01a0a3dd-0de3-4c82-9bff-894ee83e347d ('Umrüstung Drahtgießwalzanlage'): no value found
2026-09-18 15:07:28 DEBUG      REJECT 125814cb-3fd3-45fb-8ee4-1940fc409986 ('Neubau Hospiz Pfarrkirchen, Wand- und Bodenbelagsarbeiten'): no value found
2026-09-18 15:07:28 DEBUG      REJECT a673c7df-5a09-4230-a1f0-8c32c383c6a7 ('Auftragsänderung 3:  Vergabebekanntmachung Neubau der Heinrich-Schmitz'): no value found
2026-09-18 15:07:28 DEBUG      REJECT 5136b73e-1a8c-4623-ba6e-68446d10b433 ('VG - Neubau FwGH Salmtal - Sanitäranlage'): no value found
2026-09-18 15:07:28 DEBUG      REJECT 63ced94b-e3ff-42f0-9b7c-b0a68e642465 ('Rahmenvertrag Lieferung indirekte Fernwärmeübergabestationen'): only 0/3 core criteria matched (need 2) -- missed: cpv, nuts, value
2026-09-18 15:07:28 DEBUG      REJECT 4e2efa0e-8630-465b-beb5-fe2dc2e116e2 ('Lieferung von Weihnachtsbeleuchtung Frankfurt Stern'): no value found
2026-09-18 15:07:28 DEBUG      REJECT 615b5280-a5cf-40f2-b7b9-3da4726c7de4 ('VG - Neubau FwGH Salmtal - Elektroanlage '): no value found
2026-09-18 15:07:28 DEBUG      REJECT c27ce215-7d21-4d3f-8032-3718f85a797b ('Kanal- und Senkenreinigung im Stadtgebiet Kaarst 2027/2028'): only 0/3 core criteria matched (need 2) -- missed: cpv, nuts, value
2026-09-18 15:07:28 DEBUG      REJECT dc250dbf-39dc-4f59-b567-cfe9c7189181 ('Sanierung/Rückbau Sporthalle, Kopenhagener Straße 5a, 18107 Rostock - '): only 0/3 core criteria matched (need 2) -- missed: cpv, nuts, value
2026-09-18 15:07:28 DEBUG      REJECT af5ff21e-3c05-4f2c-bd6d-2946bfe9f899 ('BL4.3 Schutz- und Leiteinrichtungen Teil 1'): no value found
2026-09-18 15:07:28 DEBUG      REJECT f02e7748-2050-4ac4-a922-cb0f4439e986 ('Sporthalle Steinrausch Unterhaltsreinigung mit 1 x jährl. Grundreinigu'): no value found
2026-09-18 15:07:28 DEBUG      REJECT aa0363f1-766e-40ce-956c-9969d649029b ('Generalsanierung Kreiskrankenhaus Heppenheim - Blitzschutzanlage'): no value found
2026-09-18 15:07:28 DEBUG      REJECT 01a0a386-93b5-4920-903f-b03532554f28 ('Sanierung Oberschule "Johann Wolfgang von Goethe" - 01809 Heidenau - M'): no value found
2026-09-18 15:07:28 DEBUG      REJECT 25ffc2dd-ffb6-484b-9642-475359ac01fc ('Rahmenvereinbarung Ultratiefkühlschränke'): no value found
2026-09-18 15:07:28 DEBUG      REJECT f2c6fd75-9a61-4140-a51a-5c616ff7c99d ('Rahmenverträge: Instandhaltung und Prüfungen von Heizungs- / Lüftungs-'): only 0/3 core criteria matched (need 2) -- missed: cpv, nuts, value
2026-09-18 15:07:28 DEBUG      REJECT 1dcf98ce-459c-4042-9b70-dcc925ded5e5 ('26D712010 - Sanierung Bestand Internat - Landesgymnasium für Sport Lei'): no value found
2026-09-18 15:07:28 DEBUG      REJECT 0a084d8e-b409-46c3-8f38-42d0c38f4087 ('HLS für den Teilneubau der Staatlichen Berufsschule Mindelheim an der '): no value found
2026-09-18 15:07:28 DEBUG      REJECT f8f990a2-b9fb-452d-8a21-a403a2239e46 ('Bewachungsdienstleistungen für das BSI in Bonn'): no value found
2026-09-18 15:07:28 DEBUG      REJECT 0438fc4d-f4e0-43f1-8124-783654473a06 ('H2 - Buchungsplattform'): only 1/3 core criteria matched (need 2) -- missed: cpv, nuts
2026-09-18 15:07:28 DEBUG      REJECT 4f3f43c4-b21a-4fe6-b95f-a02bcfaec978 ('Tischler'): no value found
2026-09-18 15:07:28 DEBUG      REJECT f142e565-038d-4c70-b79f-92083cfea0c8 ('Generalplanungsleistungen für die Modernisierungsmaßnahme in bewohntem'): no value found
2026-09-18 15:07:28 DEBUG      REJECT 0e4c6765-b27b-4e7e-9cb1-a4cb71f87e03 ('VE 07-1 Terrakotta Restaurierung-Anteil Handwerk 25 Prozent und Diplom'): no value found
2026-09-18 15:07:28 DEBUG      REJECT 31c84d33-8204-4aeb-9bdc-6b03fe02d7b6 ('Planung Umgestaltung Arndtstraße und Schillerstraße (MARTa-Achse) in H'): no value found
2026-09-18 15:07:28 DEBUG      REJECT 3b65793d-c78d-42bc-b654-1eac5dccdd27 ('Gde. Neuenkirchen-Vörden: Reinigungsleistungen (Unterhalts-, Grund-, V'): no value found
2026-09-18 15:07:28 DEBUG      REJECT 77a17daa-1726-45b5-8710-0d9f238d3cb2 ('Unterhalts-, Grund- und Sonderreinigung - Fraunhofer IWM - PR 1256494-'): no value found
2026-09-18 15:07:28 DEBUG      REJECT 01a0a39a-b1ce-41e2-a40e-d2a19840eef3 ('Sanierung Lessingstraße 1 Zwickau'): no value found
2026-09-18 15:07:28 DEBUG      REJECT 9f47389f-4ff8-4452-bb85-29dc3fdbcacb ('B34 OU Wyhlen - Los Wösch - Tiergarten'): no value found
2026-09-18 15:07:28 DEBUG      REJECT 37ef6440-39ad-4711-b6d8-50cd3e259338 ('Erweiterung Grundschulcampus Wildau - Los 11 - Dachabdichtungs- und Kl'): no value found
2026-09-18 15:07:28 DEBUG      REJECT 975ec467-e4c0-41ee-93e8-9e85b58e3304 ('Rahmenvertrag Prüfung Jahresabschlüsse 2026 bis 2029'): no value found
2026-09-18 15:07:28 DEBUG      REJECT 1a3ffe25-e783-42d6-85d9-06a72e6621ae ('A44 | Tunnel Hopfenberg und Walberg, Nachrüstung und Deckensanierung |'): no value found
2026-09-18 15:07:28 DEBUG      REJECT 65a1fbb7-b8fa-47a1-81b3-19eb0aea6d81 ('14TEI10205 2. S-Bahn-Stammstrecke München – VE 30 Rohbauarbeiten Tunne'): no value found
2026-09-18 15:07:28 DEBUG      REJECT 75b1656a-978d-42f1-bea4-282faba63fb7 ('Lieferung von Grafikkarten'): only 1/3 core criteria matched (need 2) -- missed: cpv, nuts
2026-09-18 15:07:28 DEBUG      REJECT 411eac10-5d12-40fb-a4d9-edbad677041b ('Betriebsärztliche und sicherheitstechnische Betreuung für verschiedene'): no value found
2026-09-18 15:07:28 DEBUG      REJECT b66086b4-5a0c-43e5-beff-d9e5bd9b4747 ('Geldener Str. 58a + 58b + 60 + 60a, 476238 Straelen - Etricharbeiten'): no value found
2026-09-18 15:07:28 DEBUG      REJECT 15fde072-07e6-480b-9309-bd9ffe950305 ('Unterhalts-, Grund- und Glasreinigung Verwaltungsgebäude, An der Jäger'): only 1/3 core criteria matched (need 2) -- missed: cpv, nuts
2026-09-18 15:07:28 DEBUG      REJECT bdb7cd0f-27a9-49e6-be6e-c80723885512 ('TEIL-GU Innenausbauarbeiten inkl. Wartung'): excluded by keyword 'Generalunternehmer'
2026-09-18 15:07:28 DEBUG      REJECT 60e43b0a-8dfb-449e-b498-b09682344d0f ('Verlängerung Maintenance & Support'): only 1/3 core criteria matched (need 2) -- missed: cpv, nuts
2026-09-18 15:07:28 DEBUG      REJECT 2fbce19e-8406-42b5-9a31-021c37f0693e ('Migration von ARD-Dashboards in Power BI Modul 13'): no value found
2026-09-18 15:07:28 DEBUG      REJECT 54a3c5e2-e83d-4d6d-b9b4-c8ef88801272 ('Lufttechnische Anlagen'): no value found
2026-09-18 15:07:28 DEBUG      REJECT 22be7dde-4ac6-4315-b87d-f19b7e9864cd ('Universitätsklinikum Münster - 1063 MobilityHub/Fahrradgarage MF/SZ - '): no value found
2026-09-18 15:07:28 DEBUG      REJECT aa9e8b24-c04d-428d-bc89-8f1066e28c35 ('Verpflegungsdienste in der ANKER-Dependance Lotte-Branz-Straße, Münche'): no value found
2026-09-18 15:07:28 DEBUG      REJECT cef888de-af89-4526-849f-b65849ea460a ('Rahmenvereinbarung über den Bezug von Microsoft-Lizenzen einschließlic'): only 0/3 core criteria matched (need 2) -- missed: cpv, nuts, value
2026-09-18 15:07:28 DEBUG      REJECT 5dbbe2be-5c22-4c3b-8923-6a3e9f4aa280 ('Zimmerer-, Dachdecker-, und Spenglerarbeiten'): no value found
2026-09-18 15:07:28 DEBUG      REJECT 7d14c033-c833-4b40-8efc-e2ed271a3c3d ('VG - Neubau FwGH Salmtal - Lüftung'): no value found
2026-09-18 15:07:28 DEBUG      REJECT 32bcd728-4e98-499d-a4e3-75f506ec038a ('Bewachung, Empfangsdienst und Brandschutzdienst am hr-Standort Studio '): no value found
2026-09-18 15:07:28 DEBUG      REJECT 07c57189-4238-4bcf-987b-80763a6d7e23 ('WEG - Unterhalts-, Glas- und Rahmenreinigung'): no value found
2026-09-18 15:07:28 DEBUG      REJECT a3358992-2707-49b2-822c-dcf07304f3b0 ('Erdgaslieferung für diverse Abnahmestellen der Hanse- und Universitäts'): only 0/3 core criteria matched (need 2) -- missed: cpv, nuts, value
2026-09-18 15:07:28 DEBUG      REJECT fb411cf6-4291-4ab1-9080-fb014f9a9c64 ('Generalsanierung Michel-Buck-Schule, Trockenbauarbeiten'): no value found
2026-09-18 15:07:28 DEBUG      REJECT 9d83ea1f-2e6a-4af3-9974-0b8a7823c726 ('VG - Neubau FwGH Salmtal - Heizungsanlage'): no value found
2026-09-18 15:07:28 DEBUG      REJECT 741f8574-9ba3-434b-bf87-42f565cdff51 ('Metallbau- , Schlosserarbeiten'): no value found
2026-09-18 15:07:28 DEBUG      REJECT 4d643fae-3e36-4698-9988-0d3e35879d8f ('SPGK_Bauleistungen Gößnitz - Crimmitschau'): no value found
2026-09-18 15:07:28 DEBUG      REJECT aecb6364-67b5-456f-ba2e-6dce58f64b21 ('Offenes Verfahren (EU-weit) zur Vergabe von Umzugs- und Transportdiens'): no value found
2026-09-18 15:07:28 DEBUG      REJECT bcb96a9b-2bd2-46b3-b7a6-dbe4b1a6fd26 ('UHR Niddaschule'): no value found
2026-09-18 15:07:28 DEBUG      REJECT 02251263-d5d8-4ccf-bb46-d4ef31ac41c5 ('Planung Baulogistik - Bremen Hbf. - Erneuerung Gleishallen'): no value found
2026-09-18 15:07:28 DEBUG      REJECT e72422bd-7b79-45d6-a647-dad18da6e4bc ('Tragwerksplanung'): no value found
2026-09-18 15:07:28 DEBUG      REJECT e5945add-25b2-4c37-ade8-426440996759 ('UHR An drei Standorten der Stadtentwässerung Frankfurt am Main'): no value found
2026-09-18 15:07:28 DEBUG      REJECT dc63569a-abdf-47f2-9210-616091d369de ('Sielreinigung 2027-2030'): no value found
2026-09-18 15:07:28 DEBUG      REJECT 4b78a193-a1fc-423c-8a38-0694dfd95972 ('Social Listening für Abteilung S (Sexualaufklärung, Verhütung und Fami'): no value found
2026-09-18 15:07:28 DEBUG      REJECT 091398e0-7d25-4871-911c-9da98bd731fd ('REZ BBSAT 45ind IdP JC Landeshauptstadt Potsdam'): no value found
2026-09-18 15:07:28 DEBUG      REJECT a137db0e-224a-4bd9-86d4-5bb3b3404d4e ('Grundschule Rindelbach, Neubau - Raumlufttechnische Anlagen'): no value found
2026-09-18 15:07:28 DEBUG      REJECT c2df0f6b-f6d4-4dc0-b3ad-25fa9a032e55 ('Neubau TEK Probstheidastr. TGA HLS'): no value found
2026-09-18 15:07:28 DEBUG      REJECT 6b47bdf2-1f73-4935-ba14-aee6a80304a3 ('1/ZIII4/GH997_Wiederholungsprüfung DGUV V4 ortsfester elektr. Anlagen'): no value found
2026-09-18 15:07:28 DEBUG      REJECT 01a08f76-3858-4723-afdc-294aca37ffad ('BGM Generalplanungsleistungen für Umbau und Sanierung der Halle 24'): only 0/3 core criteria matched (need 2) -- missed: cpv, nuts, value
2026-09-18 15:07:28 DEBUG      REJECT 85c9a7bb-cf66-405a-93c9-50857968cd15 ('Generalsanierung Schule im Taubertal - Vergabe Abbrucharbeiten'): only 1/3 core criteria matched (need 2) -- missed: cpv, nuts
2026-09-18 15:07:28 DEBUG      REJECT 80225e23-4152-4fd6-abf9-b18067c9b448 ('RV Lieferung Wahlkuverts 2027 - 2030'): only 1/3 core criteria matched (need 2) -- missed: cpv, nuts
2026-09-18 15:07:28 DEBUG      REJECT 77b9119d-d72d-4bca-adc2-6341ef20117a ('PHV BIMA Abbruch, Neubau, Aufstockung und Sanierung Geb 4468-4470, 447'): excluded by keyword 'Totalunternehmer'
2026-09-18 15:07:28 DEBUG      REJECT a87ddb58-7ced-47bf-afd4-8dcf5a1ae567 ('Unterhalts- und Glasreinigung an diversen Standorten'): no value found
2026-09-18 15:07:28 DEBUG      REJECT 0a256d31-3992-4c28-af2a-af2e7c9d54a3 ('2026-0453 Konzessionsausschreibung  Alarmübertragungsanlagen (AÜA)'): no value found
2026-09-18 15:07:28 DEBUG      REJECT ef3be2c8-73dd-4ce7-a0a5-5626e1d4def2 ('Beschaffung von PC-Technik für die Schulen im Landkreis Sächsische Sch'): no value found
2026-09-18 15:07:28 DEBUG      REJECT b37b8634-91f0-43a1-9a0b-524aae0ee02e ('NK.731.06 Architektenleistungen RA2 Lph. 5-9 (NV054 - NA130)'): no value found
2026-09-18 15:07:28 DEBUG      REJECT abadc72a-717a-45fc-9044-e7eb3dad334a ('Baureinigung Haus 3'): no value found
2026-09-18 15:07:28 DEBUG      REJECT b01a3281-c302-440d-aa3a-0b3d7b665cea ('Umbau und Erweiterung der Albert-Schweitzer-Schule - hier: Gerüstarbei'): no value found
2026-09-18 15:07:28 DEBUG      REJECT 1799fd7d-d455-45ec-84b3-f267bdf5d0e2 ('Erweiterung: Cyber Security Lösung im Backup/ IT-Sicherheit und Datens'): no value found
2026-09-18 15:07:28 DEBUG      REJECT c9bdc192-58a1-4e7c-a260-cbdd646fd279 ('Software Airlock und produktnahe Dienstleistungen'): only 0/3 core criteria matched (need 2) -- missed: cpv, nuts, value
2026-09-18 15:07:28 DEBUG      REJECT 3b62235d-ca80-4e03-9c3e-297de871fe80 ('VE 01 Freianlagen/Sportplatzbau, Gymnasium 35 Brunnenviertel, 14478 Po'): no value found
2026-09-18 15:07:28 DEBUG      REJECT b502151c-0762-47f1-9b93-a51f389045d2 ('WAF Support 2025'): no value found
2026-09-18 15:07:28 DEBUG      REJECT ff86e7dd-9047-4ad8-9ddb-106f4c18e10f ('Entsorgungsleistung - Stalldung'): no value found
2026-09-18 15:07:28 DEBUG      REJECT 3084e989-acb5-4689-8ebb-6bf0ad8e0903 ('Neubau Schulcampus Deisenhofen - Schreinerarbeiten Sporthalle'): no value found
2026-09-18 15:07:28 DEBUG      REJECT 68395e6d-ee88-4b84-b477-68e4396c6059 ('Bau GSH 5850 Neumarkt - Nürnberg  Km 64,053 - 91,128 Bauleistung Absch'): no value found
2026-09-18 15:07:28 DEBUG      REJECT 162d0079-0ada-4d8b-b2a3-db5d889299a2 ('10022598-Short-Term Expert Pools to support negotiations and implement'): no value found
2026-09-18 15:07:28 DEBUG      REJECT b77e9652-6802-4103-a4e1-af42fab8cb9d ('Generalplanungsleistungen Baufeld B'): no value found
2026-09-18 15:07:28 DEBUG      REJECT 430701f1-558e-4eee-a5d4-f58d6eeefab8 ('Lieferung von fahrbaren Abfallsammelbehälter -Inhalt 660 Liter-'): no value found
2026-09-18 15:07:28 DEBUG      REJECT 52f6371b-39cc-4ec2-8721-e0b6e4e41699 ('Herrichten der Geländeoberfläche - Neubau der Matthias Claudius Schule'): no value found
2026-09-18 15:07:28 DEBUG      REJECT 03e2ee12-213d-4a93-9e86-fa369290166f ('Zimmer- und Holzbauarbeiten'): no value found
2026-09-18 15:07:28 DEBUG      REJECT 07e2fa36-a8c8-4b6b-94d1-b5ec715848fc ('Metall- und Stahlbauarbeiten-Konstruktiver Stahlbau'): only 1/3 core criteria matched (need 2) -- missed: cpv, nuts
2026-09-18 15:07:28 DEBUG      REJECT 5d1ac361-d019-4d42-902b-cbf8708a05bd ('Unterhalts- und Fensterreinigung - Fraunhofer IWU - PR 1236568‐2720‐I'): no value found
2026-09-18 15:07:28 DEBUG      REJECT dee2c291-4257-440e-99c7-cdfab455b60a ('Objektgruppe 3: Unterhaltsreinigung und Einpflege'): only 0/3 core criteria matched (need 2) -- missed: cpv, nuts, value
2026-09-18 15:07:28 DEBUG      REJECT 7a855c7f-8d65-411f-9126-6dcb4aec744d ('Modernisierung des zentralen Firewall-Systems im Forschungsverbund Ber'): no value found
2026-09-18 15:07:28 DEBUG      REJECT 10b4365a-23af-4cbd-874f-5faa960c37e5 ('Neubau Johann-Peter-Hebel Grundschule: Lieferung, Montage und Inbetrie'): no value found
2026-09-18 15:07:28 DEBUG      REJECT af9f35a0-65bc-4409-8b2d-339746ec18fa ('Kauf LKW Ersatz fuer BA S 4180'): no value found
2026-09-18 15:07:28 DEBUG      REJECT bdf2df03-ecca-4e4a-834a-8c169022bab7 ('TPB.444.01 Elektroinstallation (NV25 - NA27)'): excluded by role-hint keyword 'Elektroinstallation'
2026-09-18 15:07:28 DEBUG      REJECT 7005d76c-7d7c-4ac2-aad2-e48d7745a287 ('Rohbauarbeiten'): no value found
2026-09-18 15:07:28 DEBUG      REJECT 1c273480-662f-4557-999b-ee51263af361 ('Cateringdienstleistungen für Flüchtlingsunterkünfte 55523000-2'): no value found
2026-09-18 15:07:28 DEBUG      REJECT 2446e1a7-8dc7-4593-b2d7-3260e7e86389 ('A44 TUZn Anpassung'): no value found
2026-09-18 15:07:28 DEBUG      REJECT 3de46702-3005-4272-9212-60a743a822bf ('Netzersatzanlagen auf Anhänger'): no value found
2026-09-18 15:07:28 DEBUG      REJECT e5b06742-88fb-461f-b5a2-561a22b4947e ('70-00511-2370-C Tragwerksplanung - PR1258600\xa0-2370-B'): no value found
2026-09-18 15:07:28 DEBUG      REJECT d46eb7c9-65b4-4319-ae4f-b64aad501fec ('Fachplanung Gebäude und Innenräume'): no value found
2026-09-18 15:07:28 DEBUG      REJECT dfd696de-b38c-4233-9db9-86a8b768feb4 ('Isothermales Titrationskalorimeter (ITC)'): no value found
2026-09-18 15:07:28 DEBUG      REJECT 5e5c519f-e67b-43bd-aff3-fb2f08bf4814 ('Neubau Radweg auf der ehemaligen Bahntrasse zwischen Gunsleben und Osc'): no value found
2026-09-18 15:07:28 DEBUG      REJECT 5a91aec9-aee6-4c00-809a-5ac8845a61ec ('A 4, Fahrbahnsanierung Rastplatz Rur-Scholle bis AS Düren'): no value found
2026-09-18 15:07:28 DEBUG      REJECT 5d25dc37-cd12-454d-9a04-e023831a2f6b ('Gehölzarbeiten Autobahnmeisterei Hagen 2026'): no value found
2026-09-18 15:07:28 DEBUG      REJECT 1b4499e0-c0e0-4052-976b-908f05d646fa ('Abschluss einer Rahmenvereinbarung für die Lieferung von Einstreu „SAF'): only 1/3 core criteria matched (need 2) -- missed: cpv, nuts
2026-09-18 15:07:28 DEBUG      REJECT 7844bb7e-551c-4b80-8e27-efa3b24aeb75 ('Abschluss einer Rahmenvereinbarung über die \nDurchführung von Baumkont'): only 0/3 core criteria matched (need 2) -- missed: cpv, nuts, value
2026-09-18 15:07:28 DEBUG      REJECT d80782ed-7a0d-4d7b-9d1b-76c7cfbc136d ('Neubau Hauptamtl. Feuer- und Rettungswache Lüdenscheid - VE 310 - Klin'): no value found
2026-09-18 15:07:28 DEBUG      REJECT 2d885c65-7f8d-466b-ae79-a214d09abef4 ('Grundschule Rindelbach, Neubau - Verglasungsarbeiten'): no value found
2026-09-18 15:07:28 DEBUG      REJECT f3a5f1e0-9f72-4179-90d4-bcbd0ab4b850 ('Mühlenkreiskliniken KLL - Fachplanung Baustellenlogistik '): no value found
2026-09-18 15:07:28 DEBUG      REJECT e57a5e81-925c-4497-a287-25ade645b989 ('Mühlenkreiskliniken BOE - Fachplanung Baustellenlogistik '): no value found
2026-09-18 15:07:28 DEBUG      REJECT ec4d8be1-1960-40c4-976d-87eb381e9f1e ('Stadtgebiet Bad Homburg v. d. Höhe, Lieferung und Inbetriebnahme Parks'): no value found
2026-09-18 15:07:28 DEBUG      REJECT 506dd332-df90-4a82-a41a-7fd75b71a74a ('Mobile 60 kVA Netzersatzanlagen'): no value found
2026-09-18 15:07:28 DEBUG      REJECT 6c6fd5da-2d81-4cd1-9b7a-4f9af163c766 ('EMSR-Technik, Modernisierung Kläranlage'): no value found
2026-09-18 15:07:28 DEBUG      REJECT b9edd57c-869d-46a1-9b2f-e4d784c599f8 ('Polizeirevier Borna Neubau'): no value found
2026-09-18 15:07:28 DEBUG      REJECT 2370d38a-4a55-40fd-880f-484ba02afa04 ('Weiße Elster, Gera, Bahnbrücke bis Cubabrücke, Hochwasserschutz - Trag'): no value found
2026-09-18 15:07:28 DEBUG      REJECT cc0b1993-24c7-49b8-965b-2d87b7d6b61f ('Rahmenvertrag Ersatzbeschaffung Feuerwehr-Oberbekleidung '): no value found
2026-09-18 15:07:28 DEBUG      REJECT 04ff402f-4285-41f8-8377-bac1364d2807 ('Reinigung Grundschule Am Stollen Ilmenau'): no value found
2026-09-18 15:07:28 DEBUG      REJECT d5be3ec2-f7c5-4017-bc4c-fae12b7f6ef7 ('Postdienstleistung, Abholung und Zustellung von Briefpost national, in'): no value found
2026-09-18 15:07:28 DEBUG      REJECT ec979362-0650-4ab1-8069-b5eb25d72e28 ('Lieferung Gleiswechsel Pariser Tor (W84/W85) - 30028891'): no value found
2026-09-18 15:07:28 DEBUG      REJECT 9eac5c2d-a869-4f51-aa20-65d23c0c2d8d ('REZ NRW 45ind AA Siegen'): no value found
2026-09-18 15:07:28 DEBUG      REJECT 7d420b5a-d751-4e71-8250-e817a7c35bc9 ('Neubau Kita Spiel und Spaß, Los 10 Akustikdecken'): no value found
2026-09-18 15:07:28 DEBUG      REJECT de46f8cc-3e1b-45a8-a1fb-b0c56e7a468d ('Upgrade Femtosekundenlasersysteme 20 W'): no value found
2026-09-18 15:07:28 DEBUG      REJECT 0f40a536-3868-4c78-8710-e1a04df5dfdc ('Erneuerung EÜ Kolpingstraße, Str. 4250 km 21,747'): no value found
2026-09-18 15:07:28 DEBUG      REJECT 81c6013b-1919-4756-861d-b75bb351baed ('Sicherheitsdienstleistung (Aufsichtsdienst, Wachleitung und Alarminter'): no value found
2026-09-18 15:07:28 DEBUG      REJECT acb8340a-bc54-4982-bae7-7945179d4c5e ('Generalsanierung Wirtschaftsschule Nördlingen - Lose Möblierung'): no value found
2026-09-18 15:07:28 DEBUG      REJECT 8b68c9cd-becc-4aae-b266-0d8fd532adde ('Smartphone-Spiel im Rahmen des Projekts Empowering Media Literacy (EML'): no value found
2026-09-18 15:07:28 DEBUG      REJECT 169c17c4-4961-4faf-b265-cf241ade7b03 ('Lieferung eines Einsatzleitwagens für die Feuerwehr Verl'): no value found
2026-09-18 15:07:28 DEBUG      REJECT 8abc6569-ea2c-47c4-9535-5f7d00210f64 ('Niedersächsische Staatstheater Hannover GmbH (NSH) - Organisationsunte'): no value found
2026-09-18 15:07:28 DEBUG      REJECT ebf0316c-dc1d-4aff-9f0c-9601ef0834b6 ('Entwicklung und Programmierung einer Website im Rahmen des Projekts Em'): no value found
2026-09-18 15:07:28 DEBUG      REJECT a94fce7c-d20b-4801-a8a4-fa82599b306b ('Beschaffung eines mobilen Hochwasserschutzsystems'): no value found
2026-09-18 15:07:28 DEBUG      REJECT d054f781-67a9-4059-8661-386f0f62f944 ('Lieferung des Bedarfs an elektrischer Energie im Rahmen der Strombilan'): no value found
2026-09-18 15:07:28 DEBUG      REJECT f1b8b89e-0c34-489c-8605-e48d0d0a5cb1 ('Wäsche Klinikum Lörrach'): only 1/3 core criteria matched (need 2) -- missed: cpv, nuts
2026-09-18 15:07:28 DEBUG      REJECT 9a8868e4-d7bb-4015-8909-1bf3484af77f ('Technologieplattform für Spatial Transcriptomics - Atera System'): no value found
2026-09-18 15:07:28 DEBUG      REJECT 10ab646d-012a-4acd-9d41-d2d5927addbb ('Schwachstromanlagen'): no value found
2026-09-18 15:07:28 DEBUG      REJECT 91690441-2088-4e96-99df-2b8ad32e5a1b ('Generalsanierung des Korridors Rechter Rhein - Bauleistungen'): no value found
2026-09-18 15:07:28 DEBUG      REJECT ee3a9d8e-fe1e-4949-9e4a-4e9c190918de ('Planungsleistungen für die Aufstellung eines Bebauungsplans mit Grünor'): no value found
2026-09-18 15:07:28 DEBUG      REJECT 6626a339-d511-4a4c-b0a7-54a84a14e72e ('Errichtung eines neues Quartiers am Weißenseer Weg  WSW'): no value found
2026-09-18 15:07:28 DEBUG      REJECT 78a13158-21b8-4927-8497-55f095cffba6 ('Gesundheitszentrum in Bad Waldliesborn GmbH - Anbau an Klinik Eichholz'): no value found
2026-09-18 15:07:28 DEBUG      REJECT b74698a4-9f50-479c-b077-0a57c4ab0fb0 ('Mietservicevertrag Schmutzfangmatten für die AOK Baden-Württemberg - L'): no value found
2026-09-18 15:07:28 DEBUG      REJECT af09e797-6292-421c-b943-41d89a98d88e ('Mietservicevertrag Schmutzfangmatten für die AOK Baden-Württemberg - L'): no value found
2026-09-18 15:07:28 DEBUG      REJECT 98597e19-5747-4c1b-988b-56cbc7418509 ('Projektbezogene Planerleistungen für den Neubau des Wasserwerks Breitm'): no value found
2026-09-18 15:07:28 DEBUG      REJECT 991c04fe-ca10-4e6b-9304-0ad31b4757ed ('Neubau Rettungszentrum Waldsee | Generalplanung'): excluded by keyword 'Totalunternehmer'
2026-09-18 15:07:28 DEBUG      REJECT 37cdd9a6-65fb-4c7d-b7f5-ad7c7befc670 ('Parksysteme '): no value found
2026-09-18 15:07:28 DEBUG      REJECT e7ffd4a2-72f0-4c60-b831-c4b32143062c ('TUD EF Sanierung Beyer-Bau'): no value found
2026-09-18 15:07:28 DEBUG      REJECT 31a68589-dbd6-413e-9508-5e94c897fcc7 ('PR/Q-Management im Sanierungsgebiet Nord-Düren ab 2027'): only 1/3 core criteria matched (need 2) -- missed: cpv, nuts
2026-09-18 15:07:28 DEBUG      REJECT 9affc1f7-f387-4b6c-b221-a24ee46c41c6 ('Hauptbauleistungen Hochleistungskorridor Hamburg - Berlin'): no value found
2026-09-18 15:07:28 DEBUG      REJECT 6bbaf2c8-f9d8-42ff-8696-dff505cb0366 ('Unterhaltsreinigung für die Liegenschaft Bonn'): no value found
2026-09-18 15:07:28 DEBUG      REJECT 46d59055-2d6b-4dd0-8259-86b3ae67397c ('Elektroarbeiten Starkstrom'): excluded by role-hint keyword 'Elektroarbeiten'
2026-09-18 15:07:28 DEBUG      REJECT f03cd7a8-f967-4d6c-8ce7-8fdc0ed14af6 ('Reinigung Staatliches Gymnasium Am Lindenberg inkl. Ausweichobjekt Pro'): no value found
2026-09-18 15:07:28 DEBUG      REJECT 3eb98c24-107b-4db4-9bc7-13790e23b295 ('Rems-Murr-Kliniken gGmbH - Europaweite Vergabe des Baugewerks "Heizung'): excluded by role-hint keyword 'Elektroinstallation'
2026-09-18 15:07:28 DEBUG      REJECT d28f5c90-99bc-44f6-ab7f-b559d95655ec ('TUD BEY Sanierung Beyer-Bau'): no value found
2026-09-18 15:07:28 INFO       MATCH (1/6): Teilneubau Heinrich-Grupe-Schule 37124 Rosdorf - Trockenbauarbeiten Wä
2026-09-18 15:07:28 DEBUG      REJECT 01a0908b-72d0-4605-806b-700f82b26738 ('Beschaffung eines CRM-Portals'): only 1/3 core criteria matched (need 2) -- missed: cpv, nuts
2026-09-18 15:07:28 DEBUG      REJECT 008cde4f-7c6c-45cd-8286-9111985fe572 ('Offenes Verfahren zur Beschaffung einer externen Steuerberatung für da'): no value found
2026-09-18 15:07:28 DEBUG      REJECT 4d70dd3a-19b8-45bb-8fe1-cc4dbf9f9bc0 ('3212 - Tischlerarbeiten Einbauten'): no value found
2026-09-18 15:07:28 DEBUG      REJECT 3b86fd33-00b9-40dd-8ca9-ceabce92d4f0 ('10030912-Rahmenvereinbarung zur Betriebsunterstützung "Open Text Conte'): no value found
2026-09-18 15:07:28 DEBUG      REJECT fb31e81f-405c-4e29-a8ae-81702715ad54 ('Regenbogen GS Lützel_Architektenleistung'): no value found
2026-09-18 15:07:28 DEBUG      REJECT f9a8f375-5a0b-4757-8f63-3bb02d515e15 ('Sicherheitsdienstleistungen'): no value found
2026-09-18 15:07:28 DEBUG      REJECT f3b9c031-9495-43d1-98ae-9b6965e5dcd5 ('Feuerwehrfahrzeug - ELW 1'): no value found
2026-09-18 15:07:28 DEBUG      REJECT c75374b3-68b2-4961-babf-eda69b82ddf5 ('Rahmenvertrag für Arbeitnehmerüberlassungen im Bereich zentrale Dienst'): no value found
2026-09-18 15:07:28 DEBUG      REJECT eef2ee81-6ce1-44d3-a872-d7ef3172d45b ('PC-Hörsaal-Geräte'): no value found
2026-09-18 15:07:28 DEBUG      REJECT 72116ef8-f365-4654-a1ae-dad48639eca7 ('RV über die Lieferung von Formblättern und Formularsätzen für die Baye'): only 1/3 core criteria matched (need 2) -- missed: cpv, nuts
2026-09-18 15:07:28 DEBUG      REJECT d6edcf37-85e7-4c5d-aadd-631777267c50 ('München Hbf, Abbruch- und Neubau Querbahnsteigdach (QBD), Tragwerkspla'): no value found
2026-09-18 15:07:28 DEBUG      REJECT 1fae276e-8f0b-4dc6-86fe-d4f630f347b4 ('E-Mail-Archivierung_WKK'): no value found
2026-09-18 15:07:28 DEBUG      REJECT 2127b926-d426-4e4b-903f-6ca78cf49240 ('PHV BIMA Abbruch, Neubau, Aufstockung und Sanierung Geb 4468-4470, 447'): excluded by keyword 'Totalunternehmer'
2026-09-18 15:07:28 DEBUG      REJECT b5167006-df6c-4516-b249-954d8e8f3df2 ('Generalsanierung Schule im Taubertal - Vergabe Blitzschutz- und Erdung'): no value found
2026-09-18 15:07:28 DEBUG      REJECT 00645247-2a18-4009-8d3c-86d79b0008cd ('Smart City Bamberg 2026 - MoMM-App'): no value found
2026-09-18 15:07:28 DEBUG      REJECT 41652100-e2a9-449d-b561-ec5cd19b8897 ('Sirenenwarnsystem Nordhausen'): no value found
2026-09-18 15:07:28 DEBUG      REJECT afd9f95e-cfc5-4aa3-9657-683dc982242e ('Generalsanierung des Korridors Rechter Rhein - Bauleistungen'): no value found
2026-09-18 15:07:28 DEBUG      REJECT bd789d45-0e90-47dc-bc95-938462f0599d ('Bauüberwachung Barrierefreier Umbau Bf FFM West'): excluded by role-hint keyword 'Elektrotechnik'
2026-09-18 15:07:28 DEBUG      REJECT 9796d9b5-7bf5-46ad-8cfc-948b3723d87d ('Sicherheitsdienstleistungen in Unterkünften für Geflüchtete und Wohnun'): no value found
2026-09-18 15:07:28 DEBUG      REJECT c14fa2a8-76dc-437b-bf6c-bd43c83bb3c9 ('031.1 - Metalltüren - Hauptfeuerwache mit Rettungswache und Integriert'): no value found
2026-09-18 15:07:28 DEBUG      REJECT 01a0a3d5-6165-4f32-aef7-aa42a53416f8 ('Beschaffung Proxmox-Cluster'): only 1/3 core criteria matched (need 2) -- missed: cpv, nuts
2026-09-18 15:07:28 DEBUG      REJECT f313e41a-4633-4ba7-b1be-e4a4adc5eb12 ('Planung Erneuerung Fernwärme HAST/HUST'): no value found
2026-09-18 15:07:28 DEBUG      REJECT 77dd412a-f4af-4b1f-bc1b-77bcaf09e031 ('DSTW Mainz BSO/TSO - Abriss, Hochbau, Außenanlagen und TGA für 2 Gebäu'): no value found
2026-09-18 15:07:28 DEBUG      REJECT 74213ead-8e86-41f8-b1d4-eff6c6ab222a ('Sanierung und Erweiterung Oberschule Schmiedeberg -  Los 10.1 Heizung '): no value found
2026-09-18 15:07:28 DEBUG      REJECT f67484c6-0ea9-45ec-98f4-f1afe4c46ecf ('Unterhaltsreinigung (LOS 1) und Fenster- u. Glasreinigung (LOS 2)  ein'): no value found
2026-09-18 15:07:28 DEBUG      REJECT dc8a5290-a8f6-4e7a-93be-cc3b6edf7b7f ('Rahmenvertrag zur Geotechnischen Begleitung und ingenieurgeologischen '): no value found
2026-09-18 15:07:28 DEBUG      REJECT 8712ead9-715a-4650-ab3e-b34384a3359a ('Technisches Gebäudemanagement'): no value found
2026-09-18 15:07:28 DEBUG      REJECT 04f76f7a-e349-489a-a764-54850c2dea86 ('Klinik Immenstadt, BA 1, Erweiterungsbau Nordwest, Leistungen der Tech'): no value found
2026-09-18 15:07:28 DEBUG      REJECT d3248030-a348-43c2-a9dd-1f1b9f890f0d ('3 Stück gebrauchte, Kettenbagger mit Schaufel und Bohrhammer und 15 St'): no value found
2026-09-18 15:07:28 DEBUG      REJECT 58ff65ad-ad0d-43da-9705-373a3e18d3db ('Trennvorhänge'): no value found
2026-09-18 15:07:28 DEBUG      REJECT cd3f20d9-6470-470f-9daa-4132a2932046 ('Ertüchtigung Kläranlage 2026 - Stahl- und Metallbauarbeiten'): no value found
2026-09-18 15:07:28 DEBUG      REJECT 43f1eed3-92c4-4888-a2ae-b1de0485dec9 ('Kreiswirtschaftsbetrieb des Salzlandkreises, Kauf und Lieferung von vi'): no value found
2026-09-18 15:07:28 DEBUG      REJECT cba98c7f-e41f-4ab9-81b8-7a3319fc583a ('16FEI23001 Erneuerung VST Duisburg, Erneuerung 50 Hz-Anlagen'): no value found
2026-09-18 15:07:28 DEBUG      REJECT c76203cb-e304-450e-ab70-f351183aeb21 ('Sportgeräte'): no value found
2026-09-18 15:07:28 DEBUG      REJECT c0a87660-19a6-44c1-bbc8-c7fec1c7615d ('Schülerbeförderung in den Schuljahren 2026/27 - 2028/29 - Schülerbeför'): no value found
2026-09-18 15:07:28 DEBUG      REJECT 43e6cc1d-3b21-45dd-9238-1a0c606cbdac ('2026-0340 Fachplanungsleistung Tragwerksplanung, GGS Am Lindentor, Am '): no value found
2026-09-18 15:07:28 DEBUG      REJECT 6f3b35b2-71c9-4abb-a5de-426cf16e85d8 ('2025-0369, Fliesenarbeiten, Energetische Sanierung Werner-Heisenberg-G'): no value found
2026-09-18 15:07:28 DEBUG      REJECT 81db0040-7ed0-434a-947e-7113d2568512 ('Ersatzneubau der Cäcilienbrücke'): excluded by role-hint keyword 'Elektrotechnik'
2026-09-18 15:07:28 DEBUG      REJECT 7ee8c71e-6e5c-48b4-bbd0-68c027e3724d ('Landkreis Bad Dürkheim - Generalsanierung der Sporthalle der IGS Grüns'): excluded by role-hint keyword 'Elektroinstallation'
2026-09-18 15:07:28 DEBUG      REJECT 252e2ba7-7660-4d37-a9f0-0247365d28f8 ('Leasing  / Kauf von Dienstfahrzeugen'): no value found
2026-09-18 15:07:28 DEBUG      REJECT 470072e8-59d4-460e-83d7-7ef747d9690f ('Konstruktion, Auslegung, Fertigung und Montage von Wellhead Protektore'): no value found
2026-09-18 15:07:28 DEBUG      REJECT c3a9b49a-2f04-4f8c-8eb2-c8341bbafabe ('Lueftungstechnische Anlagen'): no value found
2026-09-18 15:07:28 DEBUG      REJECT 2339bde4-829b-43aa-b216-c75c2496c85f ('Michaelschule - Trockenbauarbeiten'): no value found
2026-09-18 15:07:28 DEBUG      REJECT f543cff6-5e02-459b-9d43-6a78f2f61da8 ('Stadt Bad Neuenahr-Ahrweiler - Erbringung von Bodenuntersuchung im Rah'): no value found
2026-09-18 15:07:28 DEBUG      REJECT 97e862d6-eeca-4870-8e35-1ec6806240b8 ('04/2024 Los 41 IT-Ausstattung'): no value found
2026-09-18 15:07:28 DEBUG      REJECT fae26baa-4795-4ee7-95a1-db6fa841d07a ('Erfassung relevanter Brutvogelarten in den EU-Vogelschutzgebieten (SPA'): only 0/3 core criteria matched (need 2) -- missed: cpv, nuts, value
2026-09-18 15:07:28 DEBUG      REJECT ad444921-a025-4950-b270-afc0dd34dd39 ('Neubau Maschinenhalle Stahlbau'): no value found
2026-09-18 15:07:28 DEBUG      REJECT b86b2a2d-f22f-4843-9c9e-47873e5a5838 ('Straßenerhaltung 2026, Paket 2'): no value found
2026-09-18 15:07:28 DEBUG      REJECT 5d148dca-836a-4cbe-8ad5-ef933ebbaa3b ('On-/offshore Cable Jointing Services & Offshore Cable Repair Logistic '): only 1/3 core criteria matched (need 2) -- missed: nuts, value
2026-09-18 15:07:28 DEBUG      REJECT fddd9d32-d79e-4c0e-b40e-8d14b7ca2629 ('Offenes Verfahren zur Vergabe der Miete von Arbeitsbekleidung für die '): no value found
2026-09-18 15:07:28 DEBUG      REJECT d4619e7b-8b9e-4a4f-a8e2-fa3fbe3dcb44 ('Projektsteuerung Franz-Neumann-Platz in Berlin-Reinickendorf'): no value found
2026-09-18 15:07:28 DEBUG      REJECT 7b584af3-cd7a-4fa9-be87-2fa6755c77f4 ('Rüttelstopfsäulen - Neubau Dreifachsporthalle Elsa-Brändström-Realschu'): no value found
2026-09-18 15:07:28 DEBUG      REJECT c4e11c05-c40c-401c-b0f0-a479f42067b7 ('Metallbau Innentüren und Fenster - Neubau IMPC, Geb. 2441, Beethovenst'): no value found
2026-09-18 15:07:28 DEBUG      REJECT 193c6052-b39c-4044-9fec-9669ee69dfd8 ('Dachdecker-und Zimmerarbeiten'): no value found
2026-09-18 15:07:28 DEBUG      REJECT 2e8cce13-269e-4558-8b56-8c992ec1e00b ('Hilfeleistungslöschgruppenfahrzeug HLF 20 als Vorführfahrzeug'): no value found
2026-09-18 15:07:28 DEBUG      REJECT 8ec97d74-8d96-4e6a-a0e8-c75d7647570b ('Rahmenvereinbarung für Instandsetzungsleistungen an Telekommunikation '): no value found
2026-09-18 15:07:28 DEBUG      REJECT 90f332ed-04ca-467f-9af8-5e6e8e9ac165 ('Revitalisierung Vitos KJK Marburg - Holzinnentüren'): no value found
2026-09-18 15:07:28 DEBUG      REJECT 3c3b2519-5588-45d3-a0ca-9d0e5dada4ce ('Neubau Förderschule Radebeul, Los 28 Fliesenlegerarbeiten'): no value found
2026-09-18 15:07:28 DEBUG      REJECT fe0bd50e-647d-4bce-916a-4be5863cb38a ('BLB NRW DU / HS Niederrhein Krefeld / Energiesparcontracting plus (ESC'): excluded by keyword 'Totalunternehmer'
2026-09-18 15:07:28 DEBUG      REJECT 8bc44cd7-7b10-4f1d-84b6-c2b84c99bd77 ('RV für trainergestützte Schulungen Neu in Führung mit Netzwerktreffen'): no value found
2026-09-18 15:07:28 DEBUG      REJECT e9684303-556d-4be9-b2f7-525e90f7aa61 ('SEB Anbau Bettenhaus II - Altersmedizin / Aufstockung - Dachabdichtung'): no value found
2026-09-18 15:07:28 DEBUG      REJECT 39451e83-34bc-4104-841d-204bcaf0bfb1 ('Wiederherstellung des Kurparks Bad Neuenahr-Ahrweiler: Elektroinstalla'): excluded by role-hint keyword 'Elektroinstallation'
2026-09-18 15:07:28 DEBUG      REJECT 08738828-2406-4dee-b294-31c6c16f7568 ('RV_SKDD_OP-Sets'): no value found
2026-09-18 15:07:28 DEBUG      REJECT fffa5d0a-0257-4e98-b6e8-6a182061357d ('Erneuerung der Mecklenburgstraße in Schwerin'): no value found
2026-09-18 15:07:28 DEBUG      REJECT b6497276-a5eb-4c66-ac56-f86604960788 ('Lüftungsinstallation, Neubau Freiwillige Feuerwehr Bochum-Heide, Märki'): no value found
2026-09-18 15:07:28 DEBUG      REJECT ca24ac0c-3c27-491e-a1e7-908958fd804d ('Müllsammelfahrzeug - Seitenlader mit Festaufbau'): no value found
2026-09-18 15:07:28 DEBUG      REJECT 9847632d-4a97-4aaa-ad2a-30e63db92be3 ('Begleitforschung Pflegefachassistenz'): no value found
2026-09-18 15:07:28 DEBUG      REJECT 01a0a444-1c07-471e-b755-941f4becd2ee ('Neubau eines KV-Terminals im Hafen Riesa, Alter Hafen - Los 6 - Umschl'): no value found
2026-09-18 15:07:28 DEBUG      REJECT c5130c2b-46f7-4e0e-9809-68b19283cd29 ('BG_1690_EU/26 - Werksinstandsetzung von Periskopteilbaugruppen des Sys'): no value found
2026-09-18 15:07:28 DEBUG      REJECT 7267f9d3-1956-47a5-82d7-7d2d914a3ec0 ('Zweikanaliger Spektrumanalysator mit Kreuzkorrelation bis 44 GHz'): no value found
2026-09-18 15:07:28 DEBUG      REJECT f38209f9-e539-4f4b-a401-83eb750ae9df ('Freianlagen südlicher Bereich'): only 1/3 core criteria matched (need 2) -- missed: cpv, nuts
2026-09-18 15:07:28 DEBUG      REJECT 1594f91b-44f6-456a-a325-ad98833404bc ('Prallwand'): no value found
2026-09-18 15:07:28 DEBUG      REJECT 0430fc54-6625-452c-aaf0-0a8cbd97d010 ('mIRA VS Werk München Gl 55-58 GE/KTB'): no value found
2026-09-18 15:07:28 DEBUG      REJECT da4582b1-8a28-481e-83a6-878d3f239556 ('DSTW Mainz; Kabeltiefbau (Los 1, Los 2, Los 3, Los 4)'): no value found
2026-09-18 15:07:28 DEBUG      REJECT 12d399d4-743f-4ef9-8d50-661c788e7327 ('Fraunhofer-Gesellschaft 80-00031-2800-D Fachpl. HLSK AG 1-2-3-7-8  - R'): only 0/3 core criteria matched (need 2) -- missed: cpv, nuts, value
2026-09-18 15:07:28 DEBUG      REJECT 7ad430a7-26c5-4230-9ff4-1e948502c5e4 ('Arzneimittelrabattverträge gem. § 130a Abs. 8 SGB V im Rahmen von Open'): no value found
2026-09-18 15:07:28 DEBUG      REJECT dc92350b-924f-472a-8ea4-53cee8ca4be7 ('Neubau kbo-Inn-Salzach-Klinikum - Errichtung Pflegegebäude BT C + D-10'): no value found
2026-09-18 15:07:28 DEBUG      REJECT 0ae13d17-8a39-4471-8be3-4cd0f7b60d7f ('Gde. Visbek: Sanierung der Sporthalle bei der Benedikt-Schule - TGA-He'): no value found
2026-09-18 15:07:28 DEBUG      REJECT 47e9847c-09f7-46c9-8624-15b5de8a8f62 ('Bauüberwachungsleistungen | Schönebeck-Frohse (G.011210532)'): no value found
2026-09-18 15:07:28 DEBUG      REJECT e6363aeb-0f90-4733-b245-4001b55ec7e6 ('Gleisauswechslung Ludwigslust - Neustadt -Glewe  '): no value found
2026-09-18 15:07:28 DEBUG      REJECT 8ddab506-cf1b-4137-8c4e-d9def6330a29 ('Hochpräzisionspaket Navigation Curve Brainlab (20261030)'): no value found
2026-09-18 15:07:28 DEBUG      REJECT e2adf39c-21d6-4694-b513-9f76df32f968 ('modularer Störsender'): no value found
2026-09-18 15:07:28 DEBUG      REJECT dbcf653b-8029-4098-a109-9b62fa738deb ('Trockenbauarbeiten Hohlraumboden'): no value found
2026-09-18 15:07:28 DEBUG      REJECT d18415b2-37c4-4bb8-bca6-73e36fa44adf ('Brödermannsweg 2 - Fliesen'): only 0/3 core criteria matched (need 2) -- missed: cpv, nuts, value
2026-09-18 15:07:28 DEBUG      REJECT de39d29e-8132-47bb-a227-fe06507d0371 ('Neubau TEK Probstheidastr. TGA ELT'): no value found
2026-09-18 15:07:28 DEBUG      REJECT 763c3a53-9692-49bb-add0-43db1fd0f91d ('Ausbau, Einlagerung, Versicherung und Wiedereinbau Orgel'): no value found
2026-09-18 15:07:28 DEBUG      REJECT 810e6512-9092-4f9a-a6ab-93befebd7864 ('Development and Series Production of Current-to-Frequency Converters f'): no value found
2026-09-18 15:07:28 DEBUG      REJECT d29a2896-ac0d-4e81-87ca-6bca68477b0e ('Rahmenvertrag Druckoutputmanagement'): no value found
2026-09-18 15:07:28 DEBUG      REJECT 69f42806-87d3-4f16-88fb-96f6bdee1dc0 ('10030260-Appui à la valorisation des potentiels territoriaux pour un d'): no value found
2026-09-18 15:07:28 DEBUG      REJECT 6b0f4674-e061-4675-a513-14d54862e182 ('M2_VE08_Medienguide'): no value found
2026-09-18 15:07:28 DEBUG      REJECT 95906661-a883-4219-9c5f-e89d254ce70b ('Halle Eichenberg - 740 m Netz Sangerhausen & Lutherstadt Eisleben Bahn'): no value found
2026-09-18 15:07:28 DEBUG      REJECT f9402825-f213-40c8-8453-1ad29277d8f7 ('Heu-FWGH: Sektionaltore'): no value found
2026-09-18 15:07:28 DEBUG      REJECT 8af347ed-e0b4-414f-8662-44a1be1556e0 ('Verbauarbeiten - Neubau Dreifachsporthalle Elsa-Brändström-Realschule'): no value found
2026-09-18 15:07:28 DEBUG      REJECT 06d24af2-412b-48d0-b33c-74005b9380fe ('Netzwerkmigration und Betrieb'): no value found
2026-09-18 15:07:28 DEBUG      REJECT 9506b95b-d588-4533-82ec-3e555f728b64 ('Gebäudereinigungsdienstleistung Stadt Weißenhorn'): no value found
2026-09-18 15:07:28 DEBUG      REJECT 20133507-4613-4ebd-95da-8a2f57f0d895 ('Lernmanagementsoftware für Fort- und Fachweiterbildungen RoMed Klinike'): only 1/3 core criteria matched (need 2) -- missed: cpv, nuts
2026-09-18 15:07:28 DEBUG      REJECT 6022c182-3498-4ed0-9f3e-56e8ed37b231 ('Sicherheitsdienst BHZ Frankfurt am Main'): no value found
2026-09-18 15:07:28 DEBUG      REJECT de65c969-dd52-4814-9c62-5b1b54856a7a ('Fulda / Beschaffung eines PDMS'): no value found
2026-09-18 15:07:28 DEBUG      REJECT b8978155-5df0-4743-a47b-17b326208f78 ('Content Management System'): no value found
2026-09-18 15:07:28 DEBUG      REJECT 0cd5762f-6d15-42d5-bb02-89240c990c72 ('Los 1: Komplettes Mechanik- und Steuerungsretrofit Los 2: Erweitertes '): no value found
2026-09-18 15:07:28 DEBUG      REJECT 638de82a-f853-4b99-b7f6-276f72d8f122 ('Microsoft Enterprise Agreement Anschlussvertrag'): only 1/3 core criteria matched (need 2) -- missed: cpv, nuts
2026-09-18 15:07:28 DEBUG      REJECT 8850e2ed-8211-4877-8ce3-ab6cabf3515f ('2026-0259, Betonsanierungsarbeiten, Sanierung Festhalle-Opladen, Oplad'): no value found
2026-09-18 15:07:28 DEBUG      REJECT 625720a2-3dcb-4a88-b391-48aa63d0a10f ('Metallbauarbeiten  DIN 18360, Brandschutztechnische Sanierung und Erwe'): excluded by role-hint keyword 'Elektroarbeiten'
2026-09-18 15:07:28 DEBUG      REJECT dd8c3ec5-5ab2-46cc-b703-5ad9f5ae6000 ('Stadt Gelnhausen - Sanierung der Stadthalle - Werkplanung und Montage '): no value found
2026-09-18 15:07:28 DEBUG      REJECT d86840df-3303-4c19-a3d3-777ee6813b73 ('Geraetetraeger mit Zubehoer SM Hip'): no value found
2026-09-18 15:07:28 DEBUG      REJECT a72e859e-1800-4833-813a-9247ffdf31e7 ('Los 1 PPA Windkraft Flughafen Stuttgart Energie GmbH'): no value found
2026-09-18 15:07:28 DEBUG      REJECT 49715446-c1da-4691-9ef4-4f898af7c008 ('Beschaffung (Neukauf) von einem Stück Universal-Modulträger-Fahrzeuges'): no value found
2026-09-18 15:07:28 DEBUG      REJECT 4c8b8d25-5ca8-4a24-af95-19a6f5a0b651 ('Modernisierung Notstromversorgung - Technische Ausrüstung - ELT'): no value found
2026-09-18 15:07:28 DEBUG      REJECT d617515d-c861-42af-a1db-efb077422ddd ('Kommunikationslösung für 25.000 Personen im Bildungsbereich (Lehrermai'): no value found
2026-09-18 15:07:28 DEBUG      REJECT 48ad93c1-a5ef-48ec-b699-689d0bc29a11 ('Vertretungsstützpunkte Kindertagespflege'): no value found
2026-09-18 15:07:28 DEBUG      REJECT 8eece87c-c8ed-4c58-8424-4bfc2e480153 ('Planungen für die Verkehrsanlage im Überseering'): no value found
2026-09-18 15:07:28 DEBUG      REJECT a01b6767-8cce-49dc-b347-29b2254182ba ('Ausschreibung Betriebliche Altersvorsorge 2026'): no value found
2026-09-18 15:07:28 DEBUG      REJECT ea0e049a-a32c-4310-aeb3-6f1f61ea8b6c ('2. S-Bahn-Stammstrecke München, BVB-Leistungen nach VV-BAU für VE41 (H'): no value found
2026-09-18 15:07:28 INFO       MATCH (2/6): Generalsanierung Schule im Taubertal - Vergabe Wärmeversorgungsanlage
2026-09-18 15:07:28 DEBUG      REJECT 5d629036-f05a-4442-bf94-3393a3cbddba ('Planungsleistungen - Bautechnik und Anlagentechnik - Projekt: Wärmever'): no value found
2026-09-18 15:07:28 DEBUG      REJECT 8d4a29da-6d95-436d-a0f7-26429bbf0f10 ('Kabeltiefbau ESTW, Neubau Gleis 5 inkl. OLA, Gleis- und Weichenerneuer'): no value found
2026-09-18 15:07:28 DEBUG      REJECT ec8e8be2-d6eb-4729-8d2d-09bbef6c68a8 ('Dienstkleidung Rettungsdienst im Mietmodell'): only 0/3 core criteria matched (need 2) -- missed: cpv, nuts, value
2026-09-18 15:07:28 DEBUG      REJECT bcc8ba50-6f9a-4203-b1b0-8e47f17b1d21 ('Feuerwehr Oelde: Beschaffung eines Hubrettungsfahrzeugs'): no value found
2026-09-18 15:07:28 DEBUG      REJECT 443b1f65-33e9-470e-a0d4-bdfbe75a3894 ('Ausschreibung einer Rahmenvereinbarung über die Unterhaltsreinigung Lo'): no value found
2026-09-18 15:07:28 DEBUG      REJECT 58eb916b-42e7-4bae-a968-f2441fbbdf8e ('PHV_Heidelberg_Bekanntmachung vergebener Auftrag'): no value found
2026-09-18 15:07:28 DEBUG      REJECT 5b4b6b5d-0392-497a-9434-6a4c80f1c9ed ('Lieferung, Montage und Inbetriebnahme\ninteraktiver, digitaler Tafelsys'): no value found
2026-09-18 15:07:28 DEBUG      REJECT 6567e7d7-a73f-4743-95cc-1d79924e3da6 ('Ersatzneubau EÜ Hamburger Straße mit Hp. Dresden Cotta, km 2,182 Strec'): no value found
2026-09-18 15:07:28 DEBUG      REJECT fd32bf75-380b-4526-8219-1452e28c6aab ('Rahmenvertrag über Sicherheitsdienstleistungen im Stadtgebiet Leipzig'): no value found
2026-09-18 15:07:28 DEBUG      REJECT 6f53dfab-2e5b-4d3c-8c90-51b0e179ed28 ('UC_DL_2026'): only 1/3 core criteria matched (need 2) -- missed: cpv, nuts
2026-09-18 15:07:28 DEBUG      REJECT 455f167a-a4f5-4731-9358-f35e7a72bbd8 ('Gasausschreibung Universitätsklinikum Halle (Saale) A.ö.R. für das Jah'): no value found
2026-09-18 15:07:28 DEBUG      REJECT c1420ad3-d5ad-45b3-aebd-ed9669ffe8fa ('2026-09-grundschule-koellerbach-anbau-umbau-objektplanung'): no value found
2026-09-18 15:07:28 DEBUG      REJECT d2d48dc2-f531-4bcd-999c-62b90579b79f ('Beschaffung von 9 Abfallsammelfahrzeugen in Niederflurtechnik für die '): no value found
2026-09-18 15:07:28 DEBUG      REJECT 915313db-1a99-4a68-802f-f0707033240b ('VWG Am Stadion 5, 2. BA, Maler- und Lackierarbeiten'): no value found
2026-09-18 15:07:28 DEBUG      REJECT ed6675ff-7b24-4be8-8fe8-77d6714633f2 ('Realschule Eggenfelden BA 5, Innentüren'): no value found
2026-09-18 15:07:28 DEBUG      REJECT 326d396e-a357-4ff6-8360-829eeff56814 ('Datenschutzmanagementsystem'): no value found
2026-09-18 15:07:28 DEBUG      REJECT 4214b1f1-d072-4fe2-86a9-354f62166769 ('Kassen- und Sicherheitsdienst für die Landesgartenschau Oberhessen 202'): no value found
2026-09-18 15:07:28 DEBUG      REJECT 5bb66845-fee5-49e6-b2c8-f3077fa3ed32 ('Los 2 Strom Flughafen Stuttgart Energie GmbH'): no value found
2026-09-18 15:07:28 DEBUG      REJECT 5efadda4-49d5-4acd-b026-868aa4239f3f ('Hecklader (Müllsammelfahrzeug)'): no value found
2026-09-18 15:07:28 DEBUG      REJECT 2ab32f0d-71a0-48ea-b7ce-574864ea9f96 ('Stadt Bad Neuenahr-Ahrweiler - Erbringung von Bodenuntersuchung im Rah'): no value found
2026-09-18 15:07:28 DEBUG      REJECT 19567368-13c7-4717-8adf-135ddae9aea6 ('Hauptbauleistungen Generalsanierung Hamburg-Berlin, Abschnitt Hamburg '): no value found
2026-09-18 15:07:28 DEBUG      REJECT a6cbee04-9b79-44b1-bc02-954157bf1acc ('RV über die Belieferung der Justizvollzugsanstalten des Landes Branden'): no value found
2026-09-18 15:07:28 DEBUG      REJECT 5262ea32-c945-4313-b24a-e1dc8ce0c833 ('Rahmenvertrag über "Karosserie- und Lackierarbeiten" an Dienst-Kfz der'): no value found
2026-09-18 15:07:28 DEBUG      REJECT c02d75ff-4f73-41c3-8746-ab67f279f46b ('HIL Internetseite'): no value found
2026-09-18 15:07:28 DEBUG      REJECT 9c21c7b4-fd30-4a13-b41c-fd92aa83e5f8 ('Offenes Verfahren (EU-weit) zur Vergabe von Gebäudereinigungsleistunge'): no value found
2026-09-18 15:07:28 DEBUG      REJECT 325cac3c-ba5f-4058-8524-ec5a6b5562c7 ('Weil am Rhein, Neubau EWHA '): no value found
2026-09-18 15:07:28 DEBUG      REJECT 4466d3d1-354c-4dfd-80f1-470c81110cc7 ('Rahmenvereinbarung Baugrunderkundung'): no value found
2026-09-18 15:07:28 DEBUG      REJECT a450274a-fe7c-4dc9-99e0-a78b2904e3dd ('Bundesstadt Bonn: Stadtarchiv - Architektenleistung'): no value found
2026-09-18 15:07:28 DEBUG      REJECT d9ab1893-476e-41db-ad82-62adfc75f439 ('Bürgerhaus Kastel-Kostheim- Rohbauarbeiten'): no value found
2026-09-18 15:07:28 DEBUG      REJECT 1cbc2be9-77e9-4ffa-9a20-800fad6e93c3 ('GS Rosa Luxemburg, Trakehnerstr. 1, 06124 Halle (Saale), WDVS und Putz'): no value found
2026-09-18 15:07:28 DEBUG      REJECT a5a8d359-ffca-4d30-8c7f-1be5e578381a ('2000284108 SL SAM Master Class'): no value found
2026-09-18 15:07:28 DEBUG      REJECT cbc38ace-ae5a-48fb-826f-0e56e65dcf44 ('Einführung eines ISMS'): no value found
2026-09-18 15:07:28 DEBUG      REJECT cc2d829a-34b8-48aa-a872-94a33787ac01 ('Ladenbeker Furtweg 151-159 - Sielsanierung'): only 0/3 core criteria matched (need 2) -- missed: cpv, nuts, value
2026-09-18 15:07:28 DEBUG      REJECT 722a34d1-9a70-44a5-b131-3aa7cecb3bf0 ('Bewirtschaftung öffentlicher Toilettenanlagen Saarbrücken'): no value found
2026-09-18 15:07:28 DEBUG      REJECT 9826794f-f8d4-41f5-94ae-1471d8dd3eaf ('UEM OSS/MPC'): only 1/3 core criteria matched (need 2) -- missed: cpv, nuts
2026-09-18 15:07:28 DEBUG      REJECT 2cd44b0b-edc9-4120-b18a-2d8c35a43d9a ('Datennetzausstattung Ersatzanmietungen Emil-Figge-Str. 50'): no value found
2026-09-18 15:07:28 DEBUG      REJECT af662d6d-6dd9-47a9-b947-69930e5be98a ('B1, OU Salzkotten, Bauwerksentwürfe BW1 und BW7 (DB)'): no value found
2026-09-18 15:07:28 DEBUG      REJECT 76a4abec-70c6-4ed9-84f2-9cc496ac0c8d ('Projektsteuerungsleistung für das Risikomanagement der Bahnallianz Lüb'): no value found
2026-09-18 15:07:28 DEBUG      REJECT 09b85bf3-4637-4ffe-b72a-f4a851f18c50 ('Generalsanierung Schule im Taubertal - Vergabe Erd-, Maurer- und Beton'): only 0/3 core criteria matched (need 2) -- missed: cpv, nuts, value
2026-09-18 15:07:28 DEBUG      REJECT b8ee89a5-dff2-4f48-8e18-3179c15c7176 ('Planung, Herstellung, Lieferung, Montage, Inbetriebsetzung und Probebe'): excluded by role-hint keyword 'Elektrotechnik'
2026-09-18 15:07:28 DEBUG      REJECT f913dfbe-62c2-4805-8fe3-57bcb9b041c4 ('Einsammeln, Befördern und Entsorgen von regelmäßig anfallenden Abfälle'): no value found
2026-09-18 15:07:28 DEBUG      REJECT 508ca28a-585d-4af7-ae3e-01f3b25617b3 ('FW Zöllnitz - Lieferung 1 LF10 (Los 1) und feuerwehrtechnische Beladun'): excluded by keyword 'Generalunternehmer'
2026-09-18 15:07:28 INFO       MATCH (3/6): HPE Aruba Networking - Aufhebung
2026-09-18 15:07:28 DEBUG      REJECT f9dc1e05-3689-41bc-b82b-4ebe5fc1ffb5 ('Landschaftsbauarbeiten'): no value found
2026-09-18 15:07:28 DEBUG      REJECT 2cffc857-8981-4b4c-b243-57cfade63ceb ('VE 15.2 Metallbau Stahlblechabdeckungen'): no value found
2026-09-18 15:07:28 DEBUG      REJECT 1287fcbe-fcb9-41ca-bf3c-a0de9daf4b9e ('Lieferung von Ökostrom für das Jahr 2027/28, insgesamt 26 Mio kWh'): no value found
2026-09-18 15:07:28 DEBUG      REJECT f439fc31-d3e0-4ed6-b2be-171c7602f2de ('Michaelschule - Sanitärarbeiten'): no value found
2026-09-18 15:07:28 DEBUG      REJECT 1ab5d1a7-fe8d-419a-9db7-79d39fe0c7e2 ('Lose Möblierung - Schulausstattung'): no value found
2026-09-18 15:07:28 DEBUG      REJECT 5cff7c10-1e0e-4abe-8f0b-b6345a1362a0 ('Brueckenbau und Strassenbau'): no value found
2026-09-18 15:07:28 DEBUG      REJECT ff2104f9-1865-47f2-9eb6-492ec5350a0f ('QB161 - RV Instandsetzung/Wartung Fahrzeuge LogStSt'): no value found
2026-09-18 15:07:28 DEBUG      REJECT 01a0a407-b934-4e84-9bc5-759b0283b54d ('Ökostrom- und Erdgasbelieferung Studierendenwerk Siegen 2027-2028'): no value found
2026-09-18 15:07:28 DEBUG      REJECT c9741f16-aea4-4b1f-905d-999a6eff6661 ('Beschaffung von 5 Transportern "Kastenwagen" (Los 1-5)'): no value found
2026-09-18 15:07:28 DEBUG      REJECT 7cf2f3fd-2cfd-4bdc-a91f-0617a3c607bb ('Gde. Visbek: Sanierung der Sporthalle bei der Benedikt-Schule - TGA El'): excluded by role-hint keyword 'Elektrotechnik'
2026-09-18 15:07:28 DEBUG      REJECT dd867525-7c3b-4ca7-be75-717b59eb4294 ('Stadt Spaichingen - Vergabe von Planungsleistungen für den Ersatz-neub'): no value found
2026-09-18 15:07:28 DEBUG      REJECT 4c0e180b-bc9a-43e6-bac7-35fc4082df54 ('Auftragsänderung 2:  Waltrop, Baugebietsentwicklung Im Dicken Dören: E'): no value found
2026-09-18 15:07:28 DEBUG      REJECT 50d1e5cc-c1ae-45b5-a685-505c1595d0c8 ('Generalsanierung Schule im Taubertal - Vergabe Eigenstromversorgungsan'): excluded by role-hint keyword 'Elektroinstallation'
2026-09-18 15:07:28 DEBUG      REJECT a9cb14a8-596e-478a-a3e9-d94670549370 ('Generalsanierung Schule im Taubertal - Vergabe Elektrotechnische Anlag'): only 1/3 core criteria matched (need 2) -- missed: nuts, value
2026-09-18 15:07:28 DEBUG      REJECT ce81ab80-ec22-4e38-96c7-a762aaf4761a ('Lose Möblierung VE 29'): only 1/3 core criteria matched (need 2) -- missed: cpv, nuts
2026-09-18 15:07:28 DEBUG      REJECT 154276a1-4b77-4421-affc-870c5617d15b ('A7, Kontrollprüfung'): no value found
2026-09-18 15:07:28 DEBUG      REJECT 8bb86434-f323-438c-b410-688eea1e9382 ('Heu-FWGH: Dacharbeiten'): no value found
2026-09-18 15:07:28 DEBUG      REJECT 44c726f4-e15d-43d3-84a5-0ceb2ecbff2a ('Generalsanierung Schule im Taubertal - Vergabe Fenster- und Sonnenschu'): no value found
2026-09-18 15:07:28 DEBUG      REJECT b225ac0d-7f96-4f8c-b700-3633e085621c ('Rahmenvereinbarung für die Lieferung von Brom dotierter Aktivkohle '): no value found
2026-09-18 15:07:28 DEBUG      REJECT bf6239ed-5f02-4dd1-9d8d-7772fcc8eee0 ('Gde. Visbek: Sanierung der Sporthalle bei der Benedikt-Schule - Tragwe'): no value found
2026-09-18 15:07:28 DEBUG      REJECT 01a08a75-f5eb-4e4c-83c5-60b164ebe35b ('Sanierung Oberschule "Johann Wolfgang von Goethe"  - 01809 Heidenau'): only 0/3 core criteria matched (need 2) -- missed: cpv, nuts, value
2026-09-18 15:07:28 DEBUG      REJECT e79bb7f2-a797-4169-abb8-05686d80f70c ('Datenquellen für IT-Infrastruktur-Analysen'): no value found
2026-09-18 15:07:28 DEBUG      REJECT 9fab6856-357f-44cb-a8f7-1b3a015751da ('Leasingfahrzeuge Landesbetrieb Landwirtschaft Hessen'): no value found
2026-09-18 15:07:28 DEBUG      REJECT 49e40c9c-e25d-42bb-a417-c5e2c40be8b5 ('Analytikleistungen für die Abwasserüberwachung 2027 ff.'): no value found
2026-09-18 15:07:28 DEBUG      REJECT 1bc79d4d-4082-437e-9e3a-1e7a5bfcbe89 ('Vergabe von Elektroinstallationsarbeiten für den Neubau und die Sanier'): excluded by role-hint keyword 'Elektroinstallation'
2026-09-18 15:07:28 DEBUG      REJECT 24f04cdc-1d87-4457-9ca5-1dfd450fe67b ('Am Pferdemarkt 23-26, Neubau SÖR Betriebszentrale, Rohbauarbeiten im A'): no value found
2026-09-18 15:07:28 DEBUG      REJECT 3c19ff19-7593-4294-ada0-ad71fa55a8f1 ('Deeskalationsschulungen für Bedienstete der sächsischen Steuerverwaltu'): no value found
2026-09-18 15:07:28 DEBUG      REJECT 4a448abd-7f1f-4052-987f-f9aea3df2fb9 ('Trockenbauarbeiten, Junggesellenstr. 8, Sanierung Verwaltungsgebäude'): no value found
2026-09-18 15:07:28 DEBUG      REJECT 6c6fdea1-a35c-496f-ba69-5853b8cf1ed4 ('Water pumps'): no value found
2026-09-18 15:07:28 DEBUG      REJECT ea6b8124-9d3e-47b1-8200-425ac8a738d0 ('Strategische und tourismusfachliche Beratung des Tourismusverbandes Sp'): only 1/3 core criteria matched (need 2) -- missed: cpv, nuts
2026-09-18 15:07:28 DEBUG      REJECT 0f82d9af-1042-4efa-bedb-f3d607ed98fe ('Gde. Visbek: Sanierung der Sporthalle bei der Benedikt-Schule - Objekt'): no value found
2026-09-18 15:07:28 DEBUG      REJECT d62756f0-2007-4111-b118-e5f44c943b18 ('Neubau Feuerwehrhaus Möglingen - ARC_3802 Stahlarbeiten Übungsturm'): no value found
2026-09-18 15:07:28 DEBUG      REJECT cf7fd649-8c6c-4db7-aeaa-8b6adf173b11 ('67 Kauf und Lieferung von Nutzfahrzeugen'): no value found
2026-09-18 15:07:28 DEBUG      REJECT bb722a54-0ab3-4fed-ab47-3f00b6ada783 ('Neubau Feuerwehrgerätehaus Mitte - Elektroarbeiten'): excluded by role-hint keyword 'Elektroarbeiten'
2026-09-18 15:07:28 DEBUG      REJECT 5f734b5e-89a1-4d03-87e5-eb2f15ad7a35 ('Maler-und Lackierarbeiten'): no value found
2026-09-18 15:07:28 DEBUG      REJECT 069f2e57-7452-4eec-8c81-59e0faf49d5e ('Ladenbeker Furtweg 151-159 - GaLaBau'): only 0/3 core criteria matched (need 2) -- missed: cpv, nuts, value
2026-09-18 15:07:28 DEBUG      REJECT c1fccf1b-9a52-4960-a3e3-1066df557382 ('Michaelschule - Lüftungsarbeiten'): no value found
2026-09-18 15:07:28 DEBUG      REJECT 7b2a1a74-b527-473f-a088-7888d6e200fb ('Herbstpflanzung 2026 FoB Chorin, Forstbetrieb Gross Schönebeck, Forstb'): no value found
2026-09-18 15:07:28 DEBUG      REJECT 26f1848e-d8d5-4ae3-8b0c-6dca3e4bee79 ('EÜ Storkower Straße (Königs Wusterhausen)'): no value found
2026-09-18 15:07:28 INFO       MATCH (4/6): Lieferung und Installation von GPU-basierten KI-/HPC-Infrastrukturelem
2026-09-18 15:07:28 DEBUG      REJECT 56833ea5-58df-41b1-8b93-69c32e3b776d ('LSW Knoten Landstuhl: LSW 1+2 (Los1), LSW 3+4 (Los2) u. LSW 5+6 (Los3)'): no value found
2026-09-18 15:07:28 DEBUG      REJECT ccfe1ec7-0145-4cc5-a866-6058305a1906 ('Neubau, Umbau und Sanierung Josefschule, hier: Planungsleistung techni'): no value found
2026-09-18 15:07:28 DEBUG      REJECT 719c0678-a8c7-4e34-9073-1ea5837a8f61 ('00 PH 2023-01/D.08 Lufttechnische Anlagen'): no value found
2026-09-18 15:07:28 DEBUG      REJECT 89f97a08-7e7c-47ff-a36b-8cf22b175cac ('740 m Netz Bf Röblingen einschl. TAMA sowie EKRG BÜ km 12,7 und 18,4; '): no value found
2026-09-18 15:07:28 DEBUG      REJECT 255a6420-e1db-4b4a-bd00-02847c49b7bd ('Lieferung von elektrischen Frachtzugmaschinen (KSZ) '): no value found
2026-09-18 15:07:28 DEBUG      REJECT fef55906-ff0b-49ed-baed-06312268141a ('26E30214 - Bw. Sozialwerk (Haus Jade), Rösingstr.; San. u. Umbau "Sozi'): only 1/3 core criteria matched (need 2) -- missed: cpv, nuts
2026-09-18 15:07:28 DEBUG      REJECT 6a072c36-ff4e-4e01-9d2f-c3849aff79cd ('BIM-ABS Kehl - Appenweier; POS Süd; Verkehrsanlagen'): no value found
2026-09-18 15:07:28 DEBUG      REJECT 8db0b259-4bac-4cdb-914d-e4d1c3fdccb2 ('Rahmenvereinbarung Brandverhütungsschau / Brandschutzkonzept zivile Li'): only 1/3 core criteria matched (need 2) -- missed: cpv, nuts
2026-09-18 15:07:28 DEBUG      REJECT a9a85eaa-02be-4d44-9519-cd119a5374cc ('Straßenreinigung im Stadtgebiet Baunatal'): no value found
2026-09-18 15:07:28 DEBUG      REJECT ea8f1a43-9513-41a0-8a4d-0cd582862db3 ('2EU/26 Beschaffung von 1200 Citrix Lizenzen über eine Laufzeit von 3 J'): no value found
2026-09-18 15:07:28 DEBUG      REJECT ea399951-3dbe-4ef5-bed6-49aca30291ac ('Schließanlagen BT A+B'): no value found
2026-09-18 15:07:28 INFO       MATCH (5/6): Fassadenarbeiten
2026-09-18 15:07:28 DEBUG      REJECT 232a86f2-44bc-4701-b740-2c7275873a1f ('Winterdienst nach Straßenreinigungsgesetz Berlin im Bezirk Berlin Rein'): no value found
2026-09-18 15:07:28 DEBUG      REJECT f97fbca6-d36d-409a-8a03-ef03a38df3de ('Restaurierung und Montierung von Urkunden'): no value found
2026-09-18 15:07:28 DEBUG      REJECT 57ece606-117a-426d-a888-4af660b56f3e ('Ganztagsgrundschule und Turnhalle Wiedheck Saarbrücken - Fachplanung T'): no value found
2026-09-18 15:07:28 DEBUG      REJECT 2084d52a-b36f-405e-9d0f-155d89d95f94 ('Kommunale Gebäude- und Inventarversicherung'): no value found
2026-09-18 15:07:28 DEBUG      REJECT 04867f6b-9686-4e52-a263-3c1b27c0f00a ('Extended Detection & Response (XDR) – Lösung'): no value found
2026-09-18 15:07:28 DEBUG      REJECT cb625fd4-998b-4104-9f7e-0c2c66a7c16d ('Berufseinstieg und -verbleib in der Pflege - Sekundärdaten-analyse von'): no value found
2026-09-18 15:07:28 DEBUG      REJECT cb4cb836-775d-4166-864b-3717c808efc8 ('"Zentrum für seelische Gesundheit (ZfsG)" am Klinikum Nürnberg, Elektr'): excluded by role-hint keyword 'Elektroarbeiten'
2026-09-18 15:07:28 DEBUG      REJECT 9217b00b-6110-4ee9-abd6-26cc9165de60 ('Beratungsleistung'): no value found
2026-09-18 15:07:28 DEBUG      REJECT f44ac8af-3eef-4a35-9414-dfa76e528ad8 ('A10 Ersatzneubau BW57 Brücken- und Straßenbau beide RF'): no value found
2026-09-18 15:07:28 DEBUG      REJECT 1f83280b-0311-4e2f-a22c-6d2457cfbcee ('Itzehoe, Alsen, Kunst- und Kulturzentrum Brandschutz'): only 1/3 core criteria matched (need 2) -- missed: cpv, nuts
2026-09-18 15:07:28 DEBUG      REJECT fab52f0b-58ae-47ed-bbbc-1d3829b47040 ('Sanierung Hermann-Greiner-Realschule 5. BA - Aluminiumfensterbau '): no value found
2026-09-18 15:07:28 DEBUG      REJECT 88b94f05-7399-428a-bda2-74ab08ab3d07 ('Fortinet Support 2027'): no value found
2026-09-18 15:07:28 DEBUG      REJECT b34d0781-ea79-41ab-9907-370f83e79047 ('Genslerstraße 33 - Brandschutzputz'): only 1/3 core criteria matched (need 2) -- missed: nuts, value
2026-09-18 15:07:28 DEBUG      REJECT 29c7ca20-b67c-40b2-87ac-9686db66acaa ('062_6003041832-BAAINBw E2.5F_Ausleger, Kran'): no value found
2026-09-18 15:07:28 DEBUG      REJECT ff2ff8ed-94f5-47d4-9a40-d6363f5f5c5e ('Universität Leipzig, Leuschnerplatz, Global Hub, Forschungsneubau'): no value found
2026-09-18 15:07:28 DEBUG      REJECT 1622ff00-ae42-4b30-b534-ad41942e1e65 ('Planung LPh 5-9 Oberflächenabdichtung Deponie Nordost DK I Bereich (In'): no value found
2026-09-18 15:07:28 DEBUG      REJECT ca39dcd9-6735-4eeb-a7ec-a3d84ce6d3d3 ('Unterhaltsreinigung im Bildungszentrum Dortmund'): no value found
2026-09-18 15:07:28 DEBUG      REJECT f0c5d53b-9cb6-47fe-9daf-310dfde71f38 ('A1, VKE D113, 6-streifiger Ausbau zwischen Münster und Osnabrück - BOL'): no value found
2026-09-18 15:07:28 DEBUG      REJECT 71ed154a-f1b0-4a9f-99e4-3f8e18f561af ('Projekt 1026: Defensives Programmieren gegen mikroarchitekturelle Angr'): no value found
2026-09-18 15:07:28 DEBUG      REJECT 5b6d92e9-a4ab-4d47-90c0-342cc5774de2 ('Raumlufttechnische Anlagen'): no value found
2026-09-18 15:07:28 DEBUG      REJECT aac2dd05-c839-4c68-baeb-784225a7c0be ('Telekommunikationsanlagen ESTW Kassel'): no value found
2026-09-18 15:07:28 DEBUG      REJECT 56123ce9-7570-44f8-898c-ccbf61ddfdba ('Unterhalts-, Grund- u. Sonderreinigung in Schulen und Rathäusern Chemn'): no value found
2026-09-18 15:07:28 DEBUG      REJECT a4cd7a04-bb82-447d-80ff-207898189a11 ('Lieferung von Ökostrom für die KKH Kaufmännische Krankenkasse in 2027f'): no value found
2026-09-18 15:07:28 DEBUG      REJECT b9aa34b4-b93b-4a35-a684-baa083456b4c ('Erbringung von Generalplanerleistungen für die Erweiterung der Wartber'): no value found
2026-09-18 15:07:28 DEBUG      REJECT 50a582d8-d1af-4637-9eb5-ca6378a99bb9 ('Stadt Leimen: Gebäudereinigung in 48 Objekten'): no value found
2026-09-18 15:07:28 DEBUG      REJECT 3ee3ffd5-8ec5-4510-b21e-a9c074591fec ('Generalsanierung Schule im Taubertal - Vergabe Holzbauarbeiten'): no value found
2026-09-18 15:07:28 DEBUG      REJECT a5670d06-f5c1-44a2-b02e-d00fe844880e ('Fassadenarbeiten'): no value found
2026-09-18 15:07:28 DEBUG      REJECT a5111cb1-0261-42d7-98a0-a1b063e9b896 ('Kita- und Schulessen'): no value found
2026-09-18 15:07:28 DEBUG      REJECT 3747dc6f-9c33-4dc6-83af-6504813c09b1 ('D4003_Bf Görlitz 1. Baustufe DC-Teilelektrifizierung - OLA'): no value found
2026-09-18 15:07:28 DEBUG      REJECT 3446a559-15f9-491b-8476-6d32e4154c93 ('EPD TruDose Gamma mit PTB-Zulassung'): only 1/3 core criteria matched (need 2) -- missed: cpv, nuts
2026-09-18 15:07:28 DEBUG      REJECT 3090317f-1aac-40b4-8d54-b45d4f559a78 ('Wettbewerb Reismühle'): no value found
2026-09-18 15:07:28 DEBUG      REJECT 1e8e8e86-5c2f-497f-9865-460e2e1cb375 ('GS5830 Abschn. 1 Passau - Plattling (km 3,278 - km 53,844) VL1: Allg. '): no value found
2026-09-18 15:07:28 DEBUG      REJECT a00511c6-9a64-4118-811c-0f238982651a ('Markt Schwaben – Ampfing, Str. 5600 Erstellung Außenanlagen um vier St'): no value found
2026-09-18 15:07:28 DEBUG      REJECT 381fc019-557a-4388-a9a4-a8e7afcb1741 ('Fachplanung ELT'): excluded by role-hint keyword 'Elektroinstallation'
2026-09-18 15:07:28 DEBUG      REJECT fad97142-b443-4bd9-b7aa-c486345187b3 ('Kurierfahrten für das Landesamt für Steuern und Finanzen'): no value found
2026-09-18 15:07:28 DEBUG      REJECT db18829c-a80e-45d8-bacf-cf1745f3b6d5 ('Vorabmaßnahme 2026 für GSH Kinzigtal'): no value found
2026-09-18 15:07:28 DEBUG      REJECT a19b0eb5-b850-4dc3-b4db-d7ec9049bb26 ('ELT für den Teilneubau der Staatlichen Berufsschule  Mindelheim an der'): no value found
2026-09-18 15:07:28 DEBUG      REJECT e4d3e324-99ba-4975-82a6-24cd59e5aec6 ('Neubau Kindertagesstätte im Stadtgebiet Sandersdorf-Brehna, OT Roitzsc'): no value found
2026-09-18 15:07:28 DEBUG      REJECT 8176dc60-b619-471e-9097-2d25509222c4 ('Beratungs- und Unterstützungsleistungen zur Gebührenkalkulation im Ret'): no value found
2026-09-18 15:07:28 DEBUG      REJECT 51971ae6-9e49-4e37-ae18-5812dd49561d ('Erweiterte Rohbauarbeiten'): no value found
2026-09-18 15:07:28 DEBUG      REJECT 54760ccf-db92-421d-bbc0-d3a3052c6575 ('GS 5830 Obertraubling–Passau (km 53,845 - km 109,010) BA 2-OLA Los 1 u'): no value found
2026-09-18 15:07:28 DEBUG      REJECT a9c762b8-ce8e-4981-b4e8-ee9246ced7f2 ('ÜSTRA C-ITS OBU KOM'): only 1/3 core criteria matched (need 2) -- missed: cpv, nuts
2026-09-18 15:07:28 DEBUG      REJECT f51cf9c9-f534-4b55-b11e-79c7e00fc1b2 ('Los 3 Erdgas Flughafen Stuttgart Energie GmbH'): no value found
2026-09-18 15:07:28 DEBUG      REJECT 7576de88-72a4-4142-9bc0-0348aef4d44f ('Zeppelinstraße, Lernort Zeppelinfeld - 1_1_501 Straßenbau Verkehrsfläc'): no value found
2026-09-18 15:07:28 DEBUG      REJECT cb21b5cc-64db-4789-b17e-206767fe07e0 ('Rahmenvertrag Server, Storage, Software'): only 0/3 core criteria matched (need 2) -- missed: cpv, nuts, value
2026-09-18 15:07:28 DEBUG      REJECT a4bf01d3-eaf4-444c-b103-dc7f10e6d150 ('MUZ (OG 20-10-600) VE 5029 Transportwagen  Rahmenvertrag Transportwage'): no value found
2026-09-18 15:07:28 DEBUG      REJECT c454fa91-86f5-4f3c-9109-a3bc53e13198 ('HTWK Leipzig, Geutebrück Bau, Generalsanierung, Funktionsneuordnung'): no value found
2026-09-18 15:07:28 DEBUG      REJECT abad8933-5d48-4692-87a6-59a6da346543 ('PR1260373 - Unterstuetzung bei der Entwicklung/Bereitstellung einer in'): no value found
2026-09-18 15:07:28 DEBUG      REJECT ef21858d-19ec-4f13-b58a-a4e0c55551ed ('Detektion und Bergung UNSEA AP 8, 9'): no value found
2026-09-18 15:07:28 DEBUG      REJECT 29715cba-4b1c-4a79-a013-53b23c164720 ('RV Produktion Pressekonferenzen'): no value found
2026-09-18 15:07:28 DEBUG      REJECT 01a0a4f7-beff-412f-9087-3edc6bf9153e ('Verwaltungsinterne Kurierdienstleistungen'): no value found
2026-09-18 15:07:28 DEBUG      REJECT 5a6e71b2-0412-41b8-842d-68c99c9ed184 ('Übernahme und Entsorgung von Bauschutt'): no value found
2026-09-18 15:07:28 DEBUG      REJECT 1c27c316-9b14-4594-907e-d95f38ed204e ('Gestellungsvertrag Winterdienst SM Atzendorf ab 2026_Vertrag_1'): no value found
2026-09-18 15:07:28 DEBUG      REJECT 3fdeb952-ef6e-40e5-a887-a7e2b7cf662f ('Samtgemeinde Lüchow (Wendland) - Neubau Grundschule in Wustrow - Los 2'): no value found
2026-09-18 15:07:28 DEBUG      REJECT 2f19d346-0db3-412c-b8a2-9dd0c007b0a8 ('Trockenbauarbeiten'): no value found
2026-09-18 15:07:28 DEBUG      REJECT 2a55e205-4e71-40a0-ac8c-75e8bb465205 ('Gebäude 38.2, Neubau Orthopädie-OP,Erd-, Verbau-, Infrastruktur- und R'): no value found
2026-09-18 15:07:28 DEBUG      REJECT 991ad645-b124-416b-b5f9-d364a221823d ('17 Stück gebrauchte LKW´s ,'): no value found
2026-09-18 15:07:28 DEBUG      REJECT 97342522-2e60-41ee-b63e-7fd68f818a0c ('Baufeldfreimachung - Neubau Psychiatrie'): no value found
2026-09-18 15:07:28 DEBUG      REJECT 5b29187c-30f5-4ea0-b7d0-5a2195b18ade ('Beschaffung 31 Notfallbeatmungsgeräte für den Rettungsdienst'): no value found
2026-09-18 15:07:28 DEBUG      REJECT 6db5929d-a517-43ed-9fe9-fb670fd9e694 ('26S30164 - Bundesliegenschaft in Wilhelmshaven - Einrichten und Vorhal'): only 1/3 core criteria matched (need 2) -- missed: cpv, nuts
2026-09-18 15:07:28 DEBUG      REJECT 75a604da-489d-4c11-8fa6-c21c913fafa8 ('Access - Elektro'): no value found
2026-09-18 15:07:28 DEBUG      REJECT 7dbb6c22-daf6-4e56-946f-922a05548229 ('M2_VE09_Sonderbau_2 / Raum 07 Zukunftslabor'): no value found
2026-09-18 15:07:28 DEBUG      REJECT 89046bbd-88d4-4d33-b75e-6499e7d1c3ff ('Einführung von SIB Bauwerke Tag-1-Funktionalitäten'): only 0/3 core criteria matched (need 2) -- missed: cpv, nuts, value
2026-09-18 15:07:28 DEBUG      REJECT ec83e767-8a08-4384-b1f9-7c970236efa0 ('Ernst-Bergeest-Weg 54 - Gala-Bau'): only 0/3 core criteria matched (need 2) -- missed: cpv, nuts, value
2026-09-18 15:07:28 DEBUG      REJECT 48badf3d-488b-4187-a932-53f825f535a7 ('Heizung Kaelte Sanitaer'): no value found
2026-09-18 15:07:28 DEBUG      REJECT ababf43b-da83-4689-bf19-3f25a3f96273 ('Debitkarte 2026-2'): no value found
2026-09-18 15:07:28 DEBUG      REJECT 6eed375a-5cb3-4ea3-8c0e-467f90e25ca1 ('Kommunikations-Management-System Leitstelle'): no value found
2026-09-18 15:07:28 DEBUG      REJECT 80675cc9-565a-4b93-816d-55b5930a0bb8 ('EWG_Erdgasbelieferung_Cal28f.'): no value found
2026-09-18 15:07:28 DEBUG      REJECT 79800511-1d4b-4ad3-8c60-fd255ab125b3 ('VG Maifeld - Energetische Sanierung Grundschule Ochtendung: Sanitärtec'): no value found
2026-09-18 15:07:28 INFO       MATCH (6/6): Beschaffung eines All-in-One-Fluoreszenzmikroskops (KEYENCE BZ-X1000) 
2026-09-18 15:07:28 INFO     Target count reached.
2026-09-18 15:07:28 INFO     === Summary ===
2026-09-18 15:07:28 INFO     company: 6/6 -> tenders
2026-09-18 15:07:28 INFO     Rejection breakdown (1734 tender(s) rejected this run):
2026-09-18 15:07:28 INFO       no value found: 1520 (88%)
2026-09-18 15:07:28 INFO       only 1/3 core criteria matched: 93 (5%)
2026-09-18 15:07:28 INFO       excluded by role-hint keyword : 56 (3%)
2026-09-18 15:07:28 INFO       only 0/3 core criteria matched: 49 (3%)
2026-09-18 15:07:28 INFO       excluded by keyword : 16 (1%)
